source_url,target_url,match_type,action_type,action_code
/,https://www.prizma-optic.co.il/ru/,url,url,301
/%d0%b1%d0%bb%d0%be%d0%b3/,https://www.prizma-optic.co.il/ru/blog/,url,url,301
/%d7%91%d7%a2%d7%99%d7%a0%d7%99%d7%99%d7%9d-%d7%91%d7%95%d7%a8%d7%a7%d7%95%d7%aa-%d7%90%d7%99%d7%9a-%d7%a1%d7%92%d7%a0%d7%95%d7%9f-%d7%97%d7%99%d7%99%d7%9d-%d7%9e%d7%a9%d7%a4%d7%99%d7%a2-%d7%a2%d7%9c-2/,https://www.prizma-optic.co.il/ru/blog/,url,url,301
/%d7%a2%d7%99%d7%a0%d7%99%d7%99%d7%9d-%d7%91%d7%95%d7%94%d7%a7%d7%95%d7%aa-%d7%91%d7%a2%d7%99%d7%93%d7%9f-%d7%94%d7%93%d7%99%d7%92%d7%99%d7%98%d7%9c%d7%99-%d7%98%d7%9b%d7%a0%d7%95%d7%9c%d7%95%d7%92-2/,https://www.prizma-optic.co.il/ru/blog/,url,url,301
/%d7%91%d7%97%d7%a0%d7%95-%d7%90%d7%aa-%d7%a2%d7%a6%d7%9e%d7%9b%d7%9d-%d7%97%d7%99%d7%93%d7%95%d7%9f-%d7%98%d7%a8%d7%99%d7%95%d7%95%d7%99%d7%94/,https://www.prizma-optic.co.il/ru/blog/,url,url,301
/%d7%98%d7%99%d7%a4%d7%95%d7%9c-%d7%93%d7%97%d7%95%d7%a3-%d7%91%d7%a2%d7%99%d7%9f-%d7%9e%d7%94-%d7%9c%d7%a2%d7%a9%d7%95%d7%aa-%d7%91%d7%9e%d7%a7%d7%a8%d7%94-%d7%a9%d7%9c-%d7%a4%d7%a6%d7%99%d7%a2/,https://www.prizma-optic.co.il/ru/blog/,url,url,301
/%d7%9e%d7%a6%d7%90%d7%95-%d7%90%d7%aa-%d7%94%d7%91%d7%9c%d7%99%d7%99%d7%a0%d7%93-%d7%a1%d7%a4%d7%95%d7%98-%d7%a9%d7%9c%d7%9b%d7%9d/,https://www.prizma-optic.co.il/ru/blog/,url,url,301
/%d7%a2%d7%99%d7%a0%d7%99%d7%99%d7%9d-%d7%a7%d7%98%d7%a0%d7%95%d7%aa-%d7%90%d7%97%d7%a8%d7%99%d7%95%d7%aa-%d7%92%d7%93%d7%95%d7%9c%d7%94-5-%d7%98%d7%99%d7%a4%d7%99%d7%9d-%d7%9c%d7%a9%d7%9e%d7%99/,https://www.prizma-optic.co.il/ru/blog/,url,url,301
/%d7%a1%d7%9b%d7%a0%d7%95%d7%aa-%d7%94-uv-%d7%90%d7%99%d7%9a-%d7%9c%d7%94%d7%92%d7%9f-%d7%a2%d7%9c-%d7%94%d7%a2%d7%99%d7%a0%d7%99%d7%99%d7%9d-%d7%9e%d7%a4%d7%a0%d7%99-%d7%94%d7%a9%d7%9e%d7%a9/,https://www.prizma-optic.co.il/ru/blog/,url,url,301
/%d7%9b%d7%97%d7%95%d7%9c-%d7%99%d7%a8%d7%95%d7%a7-%d7%90%d7%95-%d7%97%d7%95%d7%9d-%d7%97%d7%9c%d7%95%d7%a7%d7%94-%d7%9c%d7%a6%d7%91%d7%a2%d7%99-%d7%a2%d7%99%d7%a0%d7%99%d7%99%d7%9d-%d7%9c%d7%a4/,https://www.prizma-optic.co.il/ru/blog/,url,url,301
/%d7%aa%d7%96%d7%95%d7%a0%d7%94-%d7%95%d7%91%d7%a8%d7%99%d7%90%d7%95%d7%aa-%d7%94%d7%a2%d7%99%d7%9f-%d7%9e%d7%94-%d7%9b%d7%93%d7%90%d7%99-%d7%9c%d7%90%d7%9b%d7%95%d7%9c-%d7%91%d7%a9%d7%91%d7%99%d7%9c/,https://www.prizma-optic.co.il/ru/blog/,url,url,301
/%d7%94%d7%9e%d7%93%d7%a8%d7%99%d7%9a-%d7%94%d7%9e%d7%a7%d7%95%d7%a6%d7%a8-%d7%9c%d7%a0%d7%99%d7%a7%d7%95%d7%99-%d7%95%d7%90%d7%97%d7%a1%d7%95%d7%9f-%d7%a2%d7%93%d7%a9%d7%95%d7%aa-%d7%9e%d7%92%d7%a2/,https://www.prizma-optic.co.il/ru/blog/,url,url,301
/%d7%91%d7%93%d7%99%d7%a7%d7%95%d7%aa-%d7%a2%d7%99%d7%9f-%d7%aa%d7%a7%d7%95%d7%a4%d7%aa%d7%99%d7%95%d7%aa-%d7%9c%d7%90-%d7%a8%d7%a7-%d7%9c%d7%9e%d7%99-%d7%a9%d7%a8%d7%95%d7%90%d7%94-%d7%9e%d7%98%d7%95/,https://www.prizma-optic.co.il/ru/blog/,url,url,301
/7-%d7%94%d7%a8%d7%92%d7%9c%d7%99%d7%9d-%d7%a4%d7%a9%d7%95%d7%98%d7%99%d7%9d-%d7%9c%d7%a2%d7%99%d7%a0%d7%99%d7%99%d7%9d-%d7%91%d7%a8%d7%99%d7%90%d7%95%d7%aa-%d7%99%d7%95%d7%aa%d7%a8/,https://www.prizma-optic.co.il/ru/blog/,url,url,301
/%d7%90%d7%99%d7%9a-%d7%9c%d7%91%d7%97%d7%95%d7%a8-%d7%9e%d7%a9%d7%a7%d7%a4%d7%99%d7%99%d7%9d-%d7%90%d7%9c-%d7%aa%d7%91%d7%97%d7%a8%d7%95-%d7%9e%d7%a9%d7%a7%d7%a4%d7%99%d7%99%d7%9d-%d7%a2%d7%93-%d7%a9/,https://www.prizma-optic.co.il/ru/blog/,url,url,301
/%d7%94%d7%a2%d7%99%d7%9f-%d7%94%d7%90%d7%a0%d7%95%d7%a9%d7%99%d7%aa/,https://www.prizma-optic.co.il/ru/blog/,url,url,301
/%d7%91%d7%97%d7%a0%d7%95-%d7%90%d7%aa-%d7%a2%d7%a6%d7%9e%d7%9b%d7%9d-%d7%94%d7%90%d7%9d-%d7%90%d7%aa%d7%9d-%d7%a2%d7%99%d7%95%d7%95%d7%a8%d7%99-%d7%a6%d7%91%d7%a2%d7%99%d7%9d/,https://www.prizma-optic.co.il/ru/blog/,url,url,301
/%d7%a2%d7%99%d7%a0%d7%99%d7%99%d7%9d-%d7%91%d7%a1%d7%99%d7%9b%d7%95%d7%9f-%d7%94%d7%9e%d7%97%d7%9c%d7%95%d7%aa-%d7%94%d7%a0%d7%a4%d7%95%d7%a6%d7%95%d7%aa-%d7%a9%d7%a2%d7%9c%d7%95%d7%9c%d7%95/,https://www.prizma-optic.co.il/ru/blog/,url,url,301
/%d7%91%d7%a2%d7%99%d7%a0%d7%99%d7%99%d7%9d-%d7%a4%d7%a7%d7%95%d7%97%d7%95%d7%aa-%d7%90%d7%99%d7%9a-%d7%9c%d7%a9%d7%9e%d7%95%d7%a8-%d7%a2%d7%9c-%d7%91%d7%a8%d7%99%d7%90%d7%95%d7%aa-%d7%94%d7%a2%d7%99/,https://www.prizma-optic.co.il/ru/blog/,url,url,301
/%d7%a2%d7%93%d7%a9%d7%95%d7%aa-%d7%9e%d7%92%d7%a2/,https://www.prizma-optic.co.il/ru/blog/,url,url,301
/%d7%9e%d7%a2%d7%91%d7%93%d7%aa-%d7%aa%d7%99%d7%a7%d7%95%d7%9f-%d7%9e%d7%a9%d7%a7%d7%a4%d7%99-%d7%a8%d7%90%d7%99%d7%99%d7%94-%d7%91%d7%90%d7%a9%d7%a7%d7%9c%d7%95%d7%9f-2/,https://www.prizma-optic.co.il/ru/blog/,url,url,301
/%d7%91%d7%93%d7%99%d7%a7%d7%aa-%d7%a8%d7%90%d7%99%d7%99%d7%94-%d7%91%d7%90%d7%a9%d7%a7%d7%9c%d7%95%d7%9f/,https://www.prizma-optic.co.il/ru/blog/,url,url,301
/%d7%97%d7%a0%d7%95%d7%aa-%d7%9e%d7%a9%d7%a7%d7%a4%d7%99%d7%99%d7%9d-%d7%91%d7%90%d7%a9%d7%a7%d7%9c%d7%95%d7%9f/,https://www.prizma-optic.co.il/ru/blog/,url,url,301
/%d7%a2%d7%93%d7%a9%d7%95%d7%aa-%d7%9e%d7%92%d7%a2-%d7%90%d7%a9%d7%a7%d7%9c%d7%95%d7%9f/,https://www.prizma-optic.co.il/ru/blog/,url,url,301
/%d7%90%d7%99%d7%9a-%d7%9c%d7%91%d7%97%d7%95%d7%a8-%d7%9e%d7%a9%d7%a7%d7%a4%d7%99-%d7%a8%d7%90%d7%99%d7%99%d7%94/,https://www.prizma-optic.co.il/ru/blog/,url,url,301
/%d7%90%d7%95%d7%a4%d7%98%d7%99%d7%a7%d7%94-%d7%91%d7%90%d7%a9%d7%a7%d7%9c%d7%95%d7%9f/,https://www.prizma-optic.co.il/ru/blog/,url,url,301
/%d1%86%d0%b5%d0%bd%d0%b0-%d0%bc%d1%83%d0%bb%d1%8c%d1%82%d0%b8%d1%84%d0%be%d0%ba%d0%b0%d0%bb%d1%8c%d0%bd%d1%8b%d1%85-%d0%bb%d0%b8%d0%bd%d0%b7-zeiss-%d0%bf%d0%b5%d1%80%d0%b5%d0%b4%d0%be%d0%b2/,https://www.prizma-optic.co.il/ru/blog/,url,url,301
/%d1%86%d0%b5%d0%bd%d0%b0-%d0%bc%d1%83%d0%bb%d1%8c%d1%82%d0%b8%d1%84%d0%be%d0%ba%d0%b0%d0%bb%d1%8c%d0%bd%d1%8b%d1%85-%d0%bb%d0%b8%d0%bd%d0%b7-optimize-%d0%b2%d0%b8%d0%b4%d1%8b-%d0%b8-%d0%bf/,https://www.prizma-optic.co.il/ru/blog/,url,url,301
/%d1%86%d0%b5%d0%bd%d0%b0-%d0%bc%d1%83%d0%bb%d1%8c%d1%82%d0%b8%d1%84%d0%be%d0%ba%d0%b0%d0%bb%d1%8c%d0%bd%d1%8b%d1%85-%d0%bb%d0%b8%d0%bd%d0%b7-hoya-%d0%b2%d0%b8%d0%b4%d1%8b-%d0%b8-%d0%bf%d1%80/,https://www.prizma-optic.co.il/ru/blog/,url,url,301
/%d1%81%d0%ba%d0%be%d0%bb%d1%8c%d0%ba%d0%be-%d1%81%d1%82%d0%be%d1%8f%d1%82-%d0%bc%d1%83%d0%bb%d1%8c%d1%82%d0%b8%d1%84%d0%be%d0%ba%d0%b0%d0%bb%d1%8c%d0%bd%d1%8b%d0%b5-%d0%bb%d0%b8%d0%bd%d0%b7%d1%8b/,https://www.prizma-optic.co.il/ru/blog/,url,url,301
/%d1%86%d0%b5%d0%bd%d0%b0-%d0%bc%d1%83%d0%bb%d1%8c%d1%82%d0%b8%d1%84%d0%be%d0%ba%d0%b0%d0%bb%d1%8c%d0%bd%d1%8b%d1%85-%d0%bb%d0%b8%d0%bd%d0%b7-shamir-%d0%b8%d0%bd%d0%bd%d0%be%d0%b2%d0%b0%d1%86/,https://www.prizma-optic.co.il/ru/blog/,url,url,301
/%d1%86%d0%b5%d0%bd%d0%b0-%d0%bc%d1%83%d0%bb%d1%8c%d1%82%d0%b8%d1%84%d0%be%d0%ba%d0%b0%d0%bb%d1%8c%d0%bd%d1%8b%d1%85-%d0%bb%d0%b8%d0%bd%d0%b7-rodenstock-%d0%be%d0%b1%d0%b7%d0%be%d1%80-%d0%bc/,https://www.prizma-optic.co.il/ru/blog/,url,url,301
/%d1%87%d1%82%d0%be-%d1%82%d0%b0%d0%ba%d0%be%d0%b5-%d0%bc%d1%83%d0%bb%d1%8c%d1%82%d0%b8%d1%84%d0%be%d0%ba%d0%b0%d0%bb%d1%8c%d0%bd%d1%8b%d0%b5-%d0%bb%d0%b8%d0%bd%d0%b7%d1%8b-%d0%b8-%d0%b7%d0%b0%d1%87/,https://www.prizma-optic.co.il/ru/blog/,url,url,301
/%d1%81%d0%ba%d0%be%d0%bb%d1%8c%d0%ba%d0%be-%d1%81%d1%82%d0%be%d1%8f%d1%82-%d0%bc%d1%83%d0%bb%d1%8c%d1%82%d0%b8%d1%84%d0%be%d0%ba%d0%b0%d0%bb%d1%8c%d0%bd%d1%8b%d0%b5-%d0%be%d1%87%d0%ba%d0%b8-%d0%b8/,https://www.prizma-optic.co.il/ru/blog/,url,url,301
/%d0%ba%d0%b0%d0%ba-%d0%bf%d1%80%d0%b0%d0%b2%d0%b8%d0%bb%d1%8c%d0%bd%d0%be-%d0%b2%d1%8b%d0%b1%d1%80%d0%b0%d1%82%d1%8c-%d0%be%d0%bf%d1%80%d0%b0%d0%b2%d1%83-%d0%b4%d0%bb%d1%8f-%d0%bc%d1%83%d0%bb%d1%8c/,https://www.prizma-optic.co.il/ru/blog/,url,url,301
/%d0%bc%d0%b8%d0%be%d0%bf%d0%b8%d1%8f-%d1%83-%d0%b4%d0%b5%d1%82%d0%b5%d0%b9/,https://www.prizma-optic.co.il/ru/blog/,url,url,301
/%d0%bc%d1%83%d0%bb%d1%8c%d1%82%d0%b8%d1%84%d0%be%d0%ba%d0%b0%d0%bb%d1%8c%d0%bd%d1%8b%d0%b5-%d0%bb%d0%b8%d0%bd%d0%b7%d1%8b-%d0%ba%d0%b0%d0%ba-%d0%be%d0%bd%d0%b8-%d0%bc%d0%b5%d0%bd%d1%8f%d1%8e/,https://www.prizma-optic.co.il/ru/blog/,url,url,301
/%d0%b2%d0%b8%d0%b4%d1%8b-%d0%bc%d1%83%d0%bb%d1%8c%d1%82%d0%b8%d1%84%d0%be%d0%ba%d0%b0%d0%bb%d1%8c%d0%bd%d1%8b%d1%85-%d0%bb%d0%b8%d0%bd%d0%b7/,https://www.prizma-optic.co.il/ru/blog/,url,url,301
/%d0%bc%d1%83%d0%bb%d1%8c%d1%82%d0%b8%d1%84%d0%be%d0%ba%d0%b0%d0%bb%d1%8c%d0%bd%d1%8b%d0%b5-%d0%be%d1%87%d0%ba%d0%b8-%d1%80%d0%b5%d1%88%d0%b5%d0%bd%d0%b8%d0%b5-%d0%b4%d0%bb%d1%8f-%d1%87%d0%b5/,https://www.prizma-optic.co.il/ru/blog/,url,url,301
/%d1%81%d0%ba%d0%be%d0%bb%d1%8c%d0%ba%d0%be-%d1%81%d1%82%d0%be%d1%8f%d1%82-%d0%bc%d1%83%d0%bb%d1%8c%d1%82%d0%b8%d1%84%d0%be%d0%ba%d0%b0%d0%bb%d1%8c%d0%bd%d1%8b%d0%b5-%d0%be%d1%87%d0%ba%d0%b8-%d0%b8-2/,https://www.prizma-optic.co.il/ru/blog/,url,url,301
/%d0%be%d1%87%d0%ba%d0%b8-%d0%bd%d0%b0-%d0%b4%d0%be%d0%bc-%d1%80%d0%b5%d0%b2%d0%be%d0%bb%d1%8e%d1%86%d0%b8%d1%8f-%d0%b2-%d0%bc%d0%b8%d1%80%d0%b5-%d0%be%d0%bf%d1%82%d0%b8%d0%ba%d0%b8/,https://www.prizma-optic.co.il/ru/blog/,url,url,301
/kontrol-miopii-detei/,https://www.prizma-optic.co.il/ru/blog/,url,url,301
/%d0%bf%d1%80%d0%be%d0%b2%d0%b5%d1%80%d0%ba%d0%b0-%d0%b7%d1%80%d0%b5%d0%bd%d0%b8%d1%8f-%d0%b7%d0%b4%d0%be%d1%80%d0%be%d0%b2%d1%8c%d0%b5-%d0%b3%d0%bb%d0%b0%d0%b7-%d1%80%d0%b5%d0%b1%d0%b5%d0%bd/,https://www.prizma-optic.co.il/ru/blog/,url,url,301
/%d0%bb%d0%b5%d1%87%d0%b5%d0%bd%d0%b8%d0%b5-%d0%bc%d0%b8%d0%be%d0%bf%d0%b8%d0%b8-%d1%83-%d0%b4%d0%b5%d1%82%d0%b5%d0%b9/,https://www.prizma-optic.co.il/ru/blog/,url,url,301
/%d0%bf%d1%80%d0%b0%d0%b2%d0%b8%d0%bb%d0%b0-%d0%bc%d0%be%d0%b1%d0%b8%d0%bb%d1%8c%d0%bd%d0%be%d0%b8-%d0%be%d0%bf%d1%82%d0%b8%d0%ba%d0%b8/,https://www.prizma-optic.co.il/ru/,url,url,301
/deal/,https://www.prizma-optic.co.il/ru/deal/,url,url,301
/account/,https://www.prizma-optic.co.il/ru/,url,url,301
/shop/,https://www.prizma-optic.co.il/ru/,url,url,301
/accessibility/,https://www.prizma-optic.co.il/ru/accessibility/,url,url,301
/brands/,https://www.prizma-optic.co.il/ru/,url,url,301
/%d0%be%d1%82%d0%b3%d1%80%d1%83%d0%b7%d0%ba%d0%b8-%d0%b8-%d0%b2%d0%be%d0%b7%d0%b2%d1%80%d0%b0%d1%82%d1%8b/,https://www.prizma-optic.co.il/ru/,url,url,301
/%d1%81%d0%b2%d0%be%d0%b4%d0%ba%d0%b0-%d0%be-%d0%bf%d0%be%d0%ba%d1%83%d0%bf%d0%ba%d0%b5/,https://www.prizma-optic.co.il/ru/,url,url,301
/cart/,https://www.prizma-optic.co.il/ru/,url,url,301
/%d0%bb%d0%b8%d0%bd%d0%b7%d1%8b/,https://www.prizma-optic.co.il/ru/,url,url,301
/%d1%81%d0%b2%d1%8f%d0%b7%d0%b0%d1%82%d1%8c%d1%81%d1%8f-%d1%81-%d0%bd%d0%b0%d0%bc%d0%b8/,https://www.prizma-optic.co.il/ru/,url,url,301
/%d0%b2%d0%be%d0%bf%d1%80%d0%be%d1%81%d1%8b-%d0%b8-%d0%be%d1%82%d0%b2%d0%b5%d1%82%d1%8b/,https://www.prizma-optic.co.il/ru/,url,url,301
/prizma-express-terms/,https://www.prizma-optic.co.il/ru/prizma-express-terms/,url,url,301
/terms/,https://www.prizma-optic.co.il/ru/terms/,url,url,301
/terms-branches/,https://www.prizma-optic.co.il/ru/terms-branches/,url,url,301
/checkout/,https://www.prizma-optic.co.il/ru/,url,url,301
/about/,https://www.prizma-optic.co.il/ru/about/,url,url,301
/lab/,https://www.prizma-optic.co.il/ru/lab/,url,url,301
/sales/,https://www.prizma-optic.co.il/ru/,url,url,301
/multifocal/,https://www.prizma-optic.co.il/ru/multi/,url,url,301
/prizmaexpress/,https://www.prizma-optic.co.il/ru/prizmaexpress/,url,url,301
/privacy/,https://www.prizma-optic.co.il/ru/privacy/,url,url,301
/product/%d7%91%d7%93%d7%99%d7%a7%d7%94-%d7%a2%d7%93%d7%a9%d7%95%d7%aa-%d7%9e%d7%92%d7%a2/,https://www.prizma-optic.co.il/ru/products/,url,url,301
/product/dg3355/,https://www.prizma-optic.co.il/ru/products/,url,url,301
/product/dg3363/,https://www.prizma-optic.co.il/ru/products/,url,url,301
/product/dg3325/,https://www.prizma-optic.co.il/ru/products/,url,url,301
/product/gg0890s/,https://www.prizma-optic.co.il/ru/products/,url,url,301
/product/an4298/,https://www.prizma-optic.co.il/ru/products/,url,url,301
/product/an4240/,https://www.prizma-optic.co.il/ru/products/,url,url,301
/product/diorhypnotic2/,https://www.prizma-optic.co.il/ru/products/,url,url,301
/product/ciara-g-s/,https://www.prizma-optic.co.il/ru/products/,url,url,301
/product/dg4413/,https://www.prizma-optic.co.il/ru/products/,url,url,301
/product/7152/,https://www.prizma-optic.co.il/ru/products/,url,url,301
/product/lw40072u/,https://www.prizma-optic.co.il/ru/products/,url,url,301
/product/kz40140f/,https://www.prizma-optic.co.il/ru/products/,url,url,301
/product/4432-u/,https://www.prizma-optic.co.il/ru/products/,url,url,301
/product/ax2039s/,https://www.prizma-optic.co.il/ru/products/,url,url,301
/product/4086s/,https://www.prizma-optic.co.il/ru/products/,url,url,301
/product/bb0162s-2/,https://www.prizma-optic.co.il/ru/products/,url,url,301
/product/bb0278s/,https://www.prizma-optic.co.il/ru/products/,url,url,301
/product/bb0095s/,https://www.prizma-optic.co.il/ru/products/,url,url,301
/product/bs030006/,https://www.prizma-optic.co.il/ru/products/,url,url,301
/product/bs043001/,https://www.prizma-optic.co.il/ru/products/,url,url,301
/product/bs004002/,https://www.prizma-optic.co.il/ru/products/,url,url,301
/product/bs032004/,https://www.prizma-optic.co.il/ru/products/,url,url,301
/product/bc0053s/,https://www.prizma-optic.co.il/ru/products/,url,url,301
/product/bc0045s/,https://www.prizma-optic.co.il/ru/products/,url,url,301
/product/b4373-u/,https://www.prizma-optic.co.il/ru/products/,url,url,301
/product/b4291/,https://www.prizma-optic.co.il/ru/products/,url,url,301
/product/4312/,https://www.prizma-optic.co.il/ru/products/,url,url,301
/product/bys793/,https://www.prizma-optic.co.il/ru/products/,url,url,301
/product/9106/,https://www.prizma-optic.co.il/ru/products/,url,url,301
/product/665/,https://www.prizma-optic.co.il/ru/products/,url,url,301
/product/8045/,https://www.prizma-optic.co.il/ru/products/,url,url,301
/product/300/,https://www.prizma-optic.co.il/ru/products/,url,url,301
/product/756-3/,https://www.prizma-optic.co.il/ru/products/,url,url,301
/product/9109/,https://www.prizma-optic.co.il/ru/products/,url,url,301
/product/757-3/,https://www.prizma-optic.co.il/ru/products/,url,url,301
/product/cl40192i-2/,https://www.prizma-optic.co.il/ru/products/,url,url,301
/product/cl40053i/,https://www.prizma-optic.co.il/ru/products/,url,url,301
/product/cl40199i-2/,https://www.prizma-optic.co.il/ru/products/,url,url,301
/product/cl40157u/,https://www.prizma-optic.co.il/ru/products/,url,url,301
/product/cl40208u/,https://www.prizma-optic.co.il/ru/products/,url,url,301
/product/cl40188i/,https://www.prizma-optic.co.il/ru/products/,url,url,301
/product/diorpacific-s1u-3/,https://www.prizma-optic.co.il/ru/products/,url,url,301
/product/diorsignature-s7f/,https://www.prizma-optic.co.il/ru/products/,url,url,301
/product/diorsignature-s2u/,https://www.prizma-optic.co.il/ru/products/,url,url,301
/product/diorpacific-s1u-2/,https://www.prizma-optic.co.il/ru/products/,url,url,301
/product/diorpacific-s1u/,https://www.prizma-optic.co.il/ru/products/,url,url,301
/product/cd-su/,https://www.prizma-optic.co.il/ru/products/,url,url,301
/product/diorblacksuit-s4i/,https://www.prizma-optic.co.il/ru/products/,url,url,301
/product/cd-diamonds1i/,https://www.prizma-optic.co.il/ru/products/,url,url,301
/product/diorsignatureb1u/,https://www.prizma-optic.co.il/ru/products/,url,url,301
/product/cdlinkn1u/,https://www.prizma-optic.co.il/ru/products/,url,url,301
/product/diorclubm3u/,https://www.prizma-optic.co.il/ru/products/,url,url,301
/product/diorclubm1u/,https://www.prizma-optic.co.il/ru/products/,url,url,301
/product/diorbobby/,https://www.prizma-optic.co.il/ru/products/,url,url,301
/product/cd-diamondr1i/,https://www.prizma-optic.co.il/ru/products/,url,url,301
/product/diormidnightb1i/,https://www.prizma-optic.co.il/ru/products/,url,url,301
/product/diorclan1/,https://www.prizma-optic.co.il/ru/products/,url,url,301
/product/dior0209s/,https://www.prizma-optic.co.il/ru/products/,url,url,301
/product/diorstellairebu/,https://www.prizma-optic.co.il/ru/products/,url,url,301
/product/diorstonger/,https://www.prizma-optic.co.il/ru/products/,url,url,301
/product/diorinclusion/,https://www.prizma-optic.co.il/ru/products/,url,url,301
/product/dioressentialru/,https://www.prizma-optic.co.il/ru/products/,url,url,301
/product/diorpressure/,https://www.prizma-optic.co.il/ru/products/,url,url,301
/product/diorchroma1/,https://www.prizma-optic.co.il/ru/products/,url,url,301
/product/diorsideral1/,https://www.prizma-optic.co.il/ru/products/,url,url,301
/product/catstyledior1/,https://www.prizma-optic.co.il/ru/products/,url,url,301
/product/dior0210s/,https://www.prizma-optic.co.il/ru/products/,url,url,301
/product/dg6187/,https://www.prizma-optic.co.il/ru/products/,url,url,301
/product/dg5567-b/,https://www.prizma-optic.co.il/ru/products/,url,url,301
/product/dg2288/,https://www.prizma-optic.co.il/ru/products/,url,url,301
/product/dg4358/,https://www.prizma-optic.co.il/ru/products/,url,url,301
/product/dg2276/,https://www.prizma-optic.co.il/ru/products/,url,url,301
/product/ea2144/,https://www.prizma-optic.co.il/ru/products/,url,url,301
/product/ea1086/,https://www.prizma-optic.co.il/ru/products/,url,url,301
/product/ff0221-s/,https://www.prizma-optic.co.il/ru/products/,url,url,301
/product/fe40007i/,https://www.prizma-optic.co.il/ru/products/,url,url,301
/product/ff0343-s-2/,https://www.prizma-optic.co.il/ru/products/,url,url,301
/product/ff0384-s/,https://www.prizma-optic.co.il/ru/products/,url,url,301
/product/fe40033u/,https://www.prizma-optic.co.il/ru/products/,url,url,301
/product/ffm0012-s/,https://www.prizma-optic.co.il/ru/products/,url,url,301
/product/ff0263-s/,https://www.prizma-optic.co.il/ru/products/,url,url,301
/product/ff0401-s/,https://www.prizma-optic.co.il/ru/products/,url,url,301
/product/ffm0025-s/,https://www.prizma-optic.co.il/ru/products/,url,url,301
/product/fe0323-s/,https://www.prizma-optic.co.il/ru/products/,url,url,301
/product/fe40012u/,https://www.prizma-optic.co.il/ru/products/,url,url,301
/product/ffm0042-s/,https://www.prizma-optic.co.il/ru/products/,url,url,301
/product/fe40004u/,https://www.prizma-optic.co.il/ru/products/,url,url,301
/product/fg40003u/,https://www.prizma-optic.co.il/ru/products/,url,url,301
/product/fg40001u/,https://www.prizma-optic.co.il/ru/products/,url,url,301
/product/fg40047u/,https://www.prizma-optic.co.il/ru/products/,url,url,301
/product/fg40044/,https://www.prizma-optic.co.il/ru/products/,url,url,301
/product/gys968/,https://www.prizma-optic.co.il/ru/products/,url,url,301
/product/gg0803s/,https://www.prizma-optic.co.il/ru/products/,url,url,301
/product/gg1033s/,https://www.prizma-optic.co.il/ru/products/,url,url,301
/product/gg1039s/,https://www.prizma-optic.co.il/ru/products/,url,url,301
/product/gg0941s/,https://www.prizma-optic.co.il/ru/products/,url,url,301
/product/gg1147s/,https://www.prizma-optic.co.il/ru/products/,url,url,301
/product/gg0889s/,https://www.prizma-optic.co.il/ru/products/,url,url,301
/product/gg0976s/,https://www.prizma-optic.co.il/ru/products/,url,url,301
/product/h046/,https://www.prizma-optic.co.il/ru/products/,url,url,301
/product/h013/,https://www.prizma-optic.co.il/ru/products/,url,url,301
/product/h015/,https://www.prizma-optic.co.il/ru/products/,url,url,301
/product/h037/,https://www.prizma-optic.co.il/ru/products/,url,url,301
/product/h018/,https://www.prizma-optic.co.il/ru/products/,url,url,301
/product/h019-2/,https://www.prizma-optic.co.il/ru/products/,url,url,301
/product/h019/,https://www.prizma-optic.co.il/ru/products/,url,url,301
/product/h020/,https://www.prizma-optic.co.il/ru/products/,url,url,301
/product/h006/,https://www.prizma-optic.co.il/ru/products/,url,url,301
/product/ff0343-s/,https://www.prizma-optic.co.il/ru/products/,url,url,301
/product/tonie-s/,https://www.prizma-optic.co.il/ru/products/,url,url,301
/product/sheena-s/,https://www.prizma-optic.co.il/ru/products/,url,url,301
/product/wendy-s/,https://www.prizma-optic.co.il/ru/products/,url,url,301
/product/sparks-g-s/,https://www.prizma-optic.co.il/ru/products/,url,url,301
/product/franny-s/,https://www.prizma-optic.co.il/ru/products/,url,url,301
/product/kz40008i/,https://www.prizma-optic.co.il/ru/products/,url,url,301
/product/kz40067i/,https://www.prizma-optic.co.il/ru/products/,url,url,301
/product/mk1096/,https://www.prizma-optic.co.il/ru/products/,url,url,301
/product/mk2154/,https://www.prizma-optic.co.il/ru/products/,url,url,301
/product/mk110b/,https://www.prizma-optic.co.il/ru/products/,url,url,301
/product/no1sun-zane/,https://www.prizma-optic.co.il/ru/products/,url,url,301
/product/decadessun-gisselle/,https://www.prizma-optic.co.il/ru/products/,url,url,301
/product/no1sun-turner/,https://www.prizma-optic.co.il/ru/products/,url,url,301
/product/litesun-eri/,https://www.prizma-optic.co.il/ru/products/,url,url,301
/product/lessrim-jun/,https://www.prizma-optic.co.il/ru/products/,url,url,301
/product/oo9102/,https://www.prizma-optic.co.il/ru/products/,url,url,301
/product/oo9449/,https://www.prizma-optic.co.il/ru/products/,url,url,301
/product/oo9154/,https://www.prizma-optic.co.il/ru/products/,url,url,301
/product/oo9448/,https://www.prizma-optic.co.il/ru/products/,url,url,301
/product/oo9343/,https://www.prizma-optic.co.il/ru/products/,url,url,301
/product/oo9471/,https://www.prizma-optic.co.il/ru/products/,url,url,301
/product/p8930/,https://www.prizma-optic.co.il/ru/products/,url,url,301
/product/p8921/,https://www.prizma-optic.co.il/ru/products/,url,url,301
/product/p8916/,https://www.prizma-optic.co.il/ru/products/,url,url,301
/product/p8910/,https://www.prizma-optic.co.il/ru/products/,url,url,301
/product/p8690/,https://www.prizma-optic.co.il/ru/products/,url,url,301
/product/spr13z/,https://www.prizma-optic.co.il/ru/products/,url,url,301
/product/spr13y/,https://www.prizma-optic.co.il/ru/products/,url,url,301
/product/spr10z/,https://www.prizma-optic.co.il/ru/products/,url,url,301
/product/spr14z/,https://www.prizma-optic.co.il/ru/products/,url,url,301
/product/spr62s/,https://www.prizma-optic.co.il/ru/products/,url,url,301
/product/spr17s/,https://www.prizma-optic.co.il/ru/products/,url,url,301
/product/r3318-2-2/,https://www.prizma-optic.co.il/ru/products/,url,url,301
/product/r3318-2/,https://www.prizma-optic.co.il/ru/products/,url,url,301
/product/r3318/,https://www.prizma-optic.co.il/ru/products/,url,url,301
/product/sl551/,https://www.prizma-optic.co.il/ru/products/,url,url,301
/product/sl555-2/,https://www.prizma-optic.co.il/ru/products/,url,url,301
/product/sl593/,https://www.prizma-optic.co.il/ru/products/,url,url,301
/product/sl555/,https://www.prizma-optic.co.il/ru/products/,url,url,301
/product/sl299/,https://www.prizma-optic.co.il/ru/products/,url,url,301
/product/sl549/,https://www.prizma-optic.co.il/ru/products/,url,url,301
/product/sl529/,https://www.prizma-optic.co.il/ru/products/,url,url,301
/product/postiano/,https://www.prizma-optic.co.il/ru/products/,url,url,301
/product/wayne/,https://www.prizma-optic.co.il/ru/products/,url,url,301
/product/carroll/,https://www.prizma-optic.co.il/ru/products/,url,url,301
/product/raffaele/,https://www.prizma-optic.co.il/ru/products/,url,url,301
/product/spello/,https://www.prizma-optic.co.il/ru/products/,url,url,301
/product/ethan/,https://www.prizma-optic.co.il/ru/products/,url,url,301
/product/delio/,https://www.prizma-optic.co.il/ru/products/,url,url,301
/product/lenwood/,https://www.prizma-optic.co.il/ru/products/,url,url,301
/product/sc0199s/,https://www.prizma-optic.co.il/ru/products/,url,url,301
/product/sc40026i/,https://www.prizma-optic.co.il/ru/products/,url,url,301
/product/sk7002/,https://www.prizma-optic.co.il/ru/products/,url,url,301
/product/sk7015/,https://www.prizma-optic.co.il/ru/products/,url,url,301
/product/sk7017-2/,https://www.prizma-optic.co.il/ru/products/,url,url,301
/product/sk7017/,https://www.prizma-optic.co.il/ru/products/,url,url,301
/product/sk7011/,https://www.prizma-optic.co.il/ru/products/,url,url,301
/product/sk7003/,https://www.prizma-optic.co.il/ru/products/,url,url,301
/product/va4080/,https://www.prizma-optic.co.il/ru/products/,url,url,301
/product/va2048/,https://www.prizma-optic.co.il/ru/products/,url,url,301
/product/4393/,https://www.prizma-optic.co.il/ru/products/,url,url,301
/product/4433-u/,https://www.prizma-optic.co.il/ru/products/,url,url,301
/product/4471-b/,https://www.prizma-optic.co.il/ru/products/,url,url,301
/product/kz40022i/,https://www.prizma-optic.co.il/ru/products/,url,url,301
/product/4431/,https://www.prizma-optic.co.il/ru/products/,url,url,301
/product/gg1133s/,https://www.prizma-optic.co.il/ru/products/,url,url,301
/product/gg1133s-2/,https://www.prizma-optic.co.il/ru/products/,url,url,301
/product/gg0669s/,https://www.prizma-optic.co.il/ru/products/,url,url,301
/product/sk6001/,https://www.prizma-optic.co.il/ru/products/,url,url,301
/product/dior90s1u/,https://www.prizma-optic.co.il/ru/products/,url,url,301
/product/cl40108i/,https://www.prizma-optic.co.il/ru/products/,url,url,301
/product/lw40069u/,https://www.prizma-optic.co.il/ru/products/,url,url,301
/product/fe40006u/,https://www.prizma-optic.co.il/ru/products/,url,url,301
/product/dg4411/,https://www.prizma-optic.co.il/ru/products/,url,url,301
/product/sl461-betty/,https://www.prizma-optic.co.il/ru/products/,url,url,301
/product/dg4417/,https://www.prizma-optic.co.il/ru/products/,url,url,301
/product/dg4338/,https://www.prizma-optic.co.il/ru/products/,url,url,301
/product/diorblacksuit-r2i/,https://www.prizma-optic.co.il/ru/products/,url,url,301
/product/sl421/,https://www.prizma-optic.co.il/ru/products/,url,url,301
/product/lw40051i/,https://www.prizma-optic.co.il/ru/products/,url,url,301
/product/diorblacksuit-s2u/,https://www.prizma-optic.co.il/ru/products/,url,url,301
/product/cl40212u/,https://www.prizma-optic.co.il/ru/products/,url,url,301
/product/gg0516s/,https://www.prizma-optic.co.il/ru/products/,url,url,301
/product/cl40095u/,https://www.prizma-optic.co.il/ru/products/,url,url,301
/product/sl521/,https://www.prizma-optic.co.il/ru/products/,url,url,301
/product/gg0991s/,https://www.prizma-optic.co.il/ru/products/,url,url,301
/product/sl564/,https://www.prizma-optic.co.il/ru/products/,url,url,301
/product/b4360/,https://www.prizma-optic.co.il/ru/products/,url,url,301
/product/gg0825s/,https://www.prizma-optic.co.il/ru/products/,url,url,301
/product/lemtosh-5/,https://www.prizma-optic.co.il/ru/products/,url,url,301
/product/miltzen-4/,https://www.prizma-optic.co.il/ru/products/,url,url,301
/product/billik/,https://www.prizma-optic.co.il/ru/products/,url,url,301
/product/vilda/,https://www.prizma-optic.co.il/ru/products/,url,url,301
/product/lemtosh-7/,https://www.prizma-optic.co.il/ru/products/,url,url,301
/product/fanagle-3/,https://www.prizma-optic.co.il/ru/products/,url,url,301
/product/billik-2/,https://www.prizma-optic.co.il/ru/products/,url,url,301
/product/fanagle-4/,https://www.prizma-optic.co.il/ru/products/,url,url,301
/product/lemtosh-8/,https://www.prizma-optic.co.il/ru/products/,url,url,301
/product/lemtosh-9/,https://www.prizma-optic.co.il/ru/products/,url,url,301
/product/miltzen-5/,https://www.prizma-optic.co.il/ru/products/,url,url,301
/product/miltzen-5-2/,https://www.prizma-optic.co.il/ru/products/,url,url,301
/product/momza/,https://www.prizma-optic.co.il/ru/products/,url,url,301
/product/lemtosh-11/,https://www.prizma-optic.co.il/ru/products/,url,url,301
/product/lemtosh-12/,https://www.prizma-optic.co.il/ru/products/,url,url,301
/product/lemtosh-13/,https://www.prizma-optic.co.il/ru/products/,url,url,301
/product/zolman/,https://www.prizma-optic.co.il/ru/products/,url,url,301
/product/vo4189s/,https://www.prizma-optic.co.il/ru/products/,url,url,301
/product/vo4189s-2/,https://www.prizma-optic.co.il/ru/products/,url,url,301
/product/vo4206-s/,https://www.prizma-optic.co.il/ru/products/,url,url,301
/product/vo4224-s/,https://www.prizma-optic.co.il/ru/products/,url,url,301
/product/vo4227-s/,https://www.prizma-optic.co.il/ru/products/,url,url,301
/product/vo4227-s-2/,https://www.prizma-optic.co.il/ru/products/,url,url,301
/product/vo4227-s-3/,https://www.prizma-optic.co.il/ru/products/,url,url,301
/product/vo4227-s-3-2/,https://www.prizma-optic.co.il/ru/products/,url,url,301
/product/vo4220-s/,https://www.prizma-optic.co.il/ru/products/,url,url,301
/product/vo4220-s-2/,https://www.prizma-optic.co.il/ru/products/,url,url,301
/product/vo4199-s/,https://www.prizma-optic.co.il/ru/products/,url,url,301
/product/vo4199-s-2/,https://www.prizma-optic.co.il/ru/products/,url,url,301
/product/vo4220-s-3/,https://www.prizma-optic.co.il/ru/products/,url,url,301
/product/vo4257-s/,https://www.prizma-optic.co.il/ru/products/,url,url,301
/product/vo4257-s-2/,https://www.prizma-optic.co.il/ru/products/,url,url,301
/product/vo4257-s-3/,https://www.prizma-optic.co.il/ru/products/,url,url,301
/product/vo5460-s/,https://www.prizma-optic.co.il/ru/products/,url,url,301
/product/vo5426-s/,https://www.prizma-optic.co.il/ru/products/,url,url,301
/product/vo5426-s-2/,https://www.prizma-optic.co.il/ru/products/,url,url,301
/product/vo5493-s/,https://www.prizma-optic.co.il/ru/products/,url,url,301
/product/vo4255-s/,https://www.prizma-optic.co.il/ru/products/,url,url,301
/product/vo4216-s/,https://www.prizma-optic.co.il/ru/products/,url,url,301
/product/vo4216-s-2/,https://www.prizma-optic.co.il/ru/products/,url,url,301
/product/vo5357-s-2/,https://www.prizma-optic.co.il/ru/products/,url,url,301
/product/vo5246-s/,https://www.prizma-optic.co.il/ru/products/,url,url,301
/product/vo5457-s/,https://www.prizma-optic.co.il/ru/products/,url,url,301
/product/vo5490-s/,https://www.prizma-optic.co.il/ru/products/,url,url,301
/product/vo5460-s-2/,https://www.prizma-optic.co.il/ru/products/,url,url,301
/product/vo2943-sb/,https://www.prizma-optic.co.il/ru/products/,url,url,301
/product/vo5426-s-3/,https://www.prizma-optic.co.il/ru/products/,url,url,301
/product/vo5215-s/,https://www.prizma-optic.co.il/ru/products/,url,url,301
/product/vo5215-s-2/,https://www.prizma-optic.co.il/ru/products/,url,url,301
/product/vo5453-s/,https://www.prizma-optic.co.il/ru/products/,url,url,301
/product/vo5481-s/,https://www.prizma-optic.co.il/ru/products/,url,url,301
/product/2943-sb/,https://www.prizma-optic.co.il/ru/products/,url,url,301
/product/2943-sb-2/,https://www.prizma-optic.co.il/ru/products/,url,url,301
/product/vo5431-s/,https://www.prizma-optic.co.il/ru/products/,url,url,301
/product/vo5318-s/,https://www.prizma-optic.co.il/ru/products/,url,url,301
/product/vo5384-sb/,https://www.prizma-optic.co.il/ru/products/,url,url,301
/product/dg2294/,https://www.prizma-optic.co.il/ru/products/,url,url,301
/product/dg2306/,https://www.prizma-optic.co.il/ru/products/,url,url,301
/product/fe40035i/,https://www.prizma-optic.co.il/ru/products/,url,url,301
/product/lemtosh-10/,https://www.prizma-optic.co.il/ru/products/,url,url,301
/product/oo9018/,https://www.prizma-optic.co.il/ru/products/,url,url,301
/product/vo5445-s/,https://www.prizma-optic.co.il/ru/products/,url,url,301
/product/vo5493-s-2/,https://www.prizma-optic.co.il/ru/products/,url,url,301
/product/sl567/,https://www.prizma-optic.co.il/ru/products/,url,url,301
/product/diorblacksuit-s3i/,https://www.prizma-optic.co.il/ru/products/,url,url,301
/product/lemtosh-6/,https://www.prizma-optic.co.il/ru/products/,url,url,301
/product/oo9469/,https://www.prizma-optic.co.il/ru/products/,url,url,301
/product/4438-b/,https://www.prizma-optic.co.il/ru/products/,url,url,301
/product/9111/,https://www.prizma-optic.co.il/ru/products/,url,url,301
/product/9502/,https://www.prizma-optic.co.il/ru/products/,url,url,301
/product/vo5357-s/,https://www.prizma-optic.co.il/ru/products/,url,url,301
/product/4313/,https://www.prizma-optic.co.il/ru/products/,url,url,301
/product/limited-edition-c004/,https://www.prizma-optic.co.il/ru/products/,url,url,301
/product/m006/,https://www.prizma-optic.co.il/ru/products/,url,url,301
/product/c002/,https://www.prizma-optic.co.il/ru/products/,url,url,301
/product/c002-2/,https://www.prizma-optic.co.il/ru/products/,url,url,301
/product/m002/,https://www.prizma-optic.co.il/ru/products/,url,url,301
/product/m002-2/,https://www.prizma-optic.co.il/ru/products/,url,url,301
/product/m006-2/,https://www.prizma-optic.co.il/ru/products/,url,url,301
/product/noah/,https://www.prizma-optic.co.il/ru/products/,url,url,301
/product/alex/,https://www.prizma-optic.co.il/ru/products/,url,url,301
/product/billie/,https://www.prizma-optic.co.il/ru/products/,url,url,301
/product/leo/,https://www.prizma-optic.co.il/ru/products/,url,url,301
/product/sam/,https://www.prizma-optic.co.il/ru/products/,url,url,301
/product/robin/,https://www.prizma-optic.co.il/ru/products/,url,url,301
/product/billie-2/,https://www.prizma-optic.co.il/ru/products/,url,url,301
/product/robin-2/,https://www.prizma-optic.co.il/ru/products/,url,url,301
/product/sam-2/,https://www.prizma-optic.co.il/ru/products/,url,url,301
/product/alex-2/,https://www.prizma-optic.co.il/ru/products/,url,url,301
/product/elia/,https://www.prizma-optic.co.il/ru/products/,url,url,301
/product/michele/,https://www.prizma-optic.co.il/ru/products/,url,url,301
/product/1251-2/,https://www.prizma-optic.co.il/ru/products/,url,url,301
/product/4295/,https://www.prizma-optic.co.il/ru/products/,url,url,301
/product/1262/,https://www.prizma-optic.co.il/ru/products/,url,url,301
/product/1228/,https://www.prizma-optic.co.il/ru/products/,url,url,301
/product/7104/,https://www.prizma-optic.co.il/ru/products/,url,url,301
/product/7108-2/,https://www.prizma-optic.co.il/ru/products/,url,url,301
/product/7108/,https://www.prizma-optic.co.il/ru/products/,url,url,301
/product/7068/,https://www.prizma-optic.co.il/ru/products/,url,url,301
/product/7101/,https://www.prizma-optic.co.il/ru/products/,url,url,301
/product/7106/,https://www.prizma-optic.co.il/ru/products/,url,url,301
/product/1285/,https://www.prizma-optic.co.il/ru/products/,url,url,301
/product/7098/,https://www.prizma-optic.co.il/ru/products/,url,url,301
/product/fg50030u/,https://www.prizma-optic.co.il/ru/products/,url,url,301
/product/fg50002u-2/,https://www.prizma-optic.co.il/ru/products/,url,url,301
/product/fg50017u/,https://www.prizma-optic.co.il/ru/products/,url,url,301
/product/18059/,https://www.prizma-optic.co.il/ru/products/,url,url,301
/product/4818021/,https://www.prizma-optic.co.il/ru/products/,url,url,301
/product/18066/,https://www.prizma-optic.co.il/ru/products/,url,url,301
/product/1892/,https://www.prizma-optic.co.il/ru/products/,url,url,301
/product/1057/,https://www.prizma-optic.co.il/ru/products/,url,url,301
/product/20ag3/,https://www.prizma-optic.co.il/ru/products/,url,url,301
/product/20003/,https://www.prizma-optic.co.il/ru/products/,url,url,301
/product/18060/,https://www.prizma-optic.co.il/ru/products/,url,url,301
/product/12098/,https://www.prizma-optic.co.il/ru/products/,url,url,301
/product/wl1007/,https://www.prizma-optic.co.il/ru/products/,url,url,301
/product/hs05-17/,https://www.prizma-optic.co.il/ru/products/,url,url,301
/product/18023/,https://www.prizma-optic.co.il/ru/products/,url,url,301
/product/wl1002/,https://www.prizma-optic.co.il/ru/products/,url,url,301
/product/h057/,https://www.prizma-optic.co.il/ru/products/,url,url,301
/product/fg50013u/,https://www.prizma-optic.co.il/ru/products/,url,url,301
/product/fg50002u/,https://www.prizma-optic.co.il/ru/products/,url,url,301
/product/fg50043u/,https://www.prizma-optic.co.il/ru/products/,url,url,301
/product/fg50027u/,https://www.prizma-optic.co.il/ru/products/,url,url,301
/product/j36/,https://www.prizma-optic.co.il/ru/products/,url,url,301
/product/jc249/,https://www.prizma-optic.co.il/ru/products/,url,url,301
/product/65/,https://www.prizma-optic.co.il/ru/products/,url,url,301
/product/jc229/,https://www.prizma-optic.co.il/ru/products/,url,url,301
/product/jc257/,https://www.prizma-optic.co.il/ru/products/,url,url,301
/product/jc210-f/,https://www.prizma-optic.co.il/ru/products/,url,url,301
/product/b1377/,https://www.prizma-optic.co.il/ru/products/,url,url,301
/product/b2365/,https://www.prizma-optic.co.il/ru/products/,url,url,301
/product/b1376/,https://www.prizma-optic.co.il/ru/products/,url,url,301
/product/b2363/,https://www.prizma-optic.co.il/ru/products/,url,url,301
/product/b1381/,https://www.prizma-optic.co.il/ru/products/,url,url,301
/product/b2379-u/,https://www.prizma-optic.co.il/ru/products/,url,url,301
/product/dg5050/,https://www.prizma-optic.co.il/ru/products/,url,url,301
/product/dg5058/,https://www.prizma-optic.co.il/ru/products/,url,url,301
/product/dg5087/,https://www.prizma-optic.co.il/ru/products/,url,url,301
/product/dg1339/,https://www.prizma-optic.co.il/ru/products/,url,url,301
/product/dg5080/,https://www.prizma-optic.co.il/ru/products/,url,url,301
/product/dg3320/,https://www.prizma-optic.co.il/ru/products/,url,url,301
/product/dg5084/,https://www.prizma-optic.co.il/ru/products/,url,url,301
/product/pv3129-2/,https://www.prizma-optic.co.il/ru/products/,url,url,301
/product/pv3129/,https://www.prizma-optic.co.il/ru/products/,url,url,301
/product/pv3061/,https://www.prizma-optic.co.il/ru/products/,url,url,301
/product/k995-2/,https://www.prizma-optic.co.il/ru/products/,url,url,301
/product/k995/,https://www.prizma-optic.co.il/ru/products/,url,url,301
/product/k1345/,https://www.prizma-optic.co.il/ru/products/,url,url,301
/product/k949-5/,https://www.prizma-optic.co.il/ru/products/,url,url,301
/product/k949-4/,https://www.prizma-optic.co.il/ru/products/,url,url,301
/product/k949-3/,https://www.prizma-optic.co.il/ru/products/,url,url,301
/product/k949-2/,https://www.prizma-optic.co.il/ru/products/,url,url,301
/product/k949/,https://www.prizma-optic.co.il/ru/products/,url,url,301
/product/k1269/,https://www.prizma-optic.co.il/ru/products/,url,url,301
/product/k996/,https://www.prizma-optic.co.il/ru/products/,url,url,301
/product/k1090-d/,https://www.prizma-optic.co.il/ru/products/,url,url,301
/product/k1413/,https://www.prizma-optic.co.il/ru/products/,url,url,301
/product/1295-2/,https://www.prizma-optic.co.il/ru/products/,url,url,301
/product/1295/,https://www.prizma-optic.co.il/ru/products/,url,url,301
/product/1272/,https://www.prizma-optic.co.il/ru/products/,url,url,301
/product/3346/,https://www.prizma-optic.co.il/ru/products/,url,url,301
/product/3359/,https://www.prizma-optic.co.il/ru/products/,url,url,301
/product/3353/,https://www.prizma-optic.co.il/ru/products/,url,url,301
/product/3272/,https://www.prizma-optic.co.il/ru/products/,url,url,301
/product/3261/,https://www.prizma-optic.co.il/ru/products/,url,url,301
/product/oy8026/,https://www.prizma-optic.co.il/ru/products/,url,url,301
/product/oy8007/,https://www.prizma-optic.co.il/ru/products/,url,url,301
/product/oy0826-2/,https://www.prizma-optic.co.il/ru/products/,url,url,301
/product/vy2016/,https://www.prizma-optic.co.il/ru/products/,url,url,301
/product/vy2016-2/,https://www.prizma-optic.co.il/ru/products/,url,url,301
/product/vo5070/,https://www.prizma-optic.co.il/ru/products/,url,url,301
/product/vy2011-2/,https://www.prizma-optic.co.il/ru/products/,url,url,301
/product/vy2011/,https://www.prizma-optic.co.il/ru/products/,url,url,301
/product/vy2004-2/,https://www.prizma-optic.co.il/ru/products/,url,url,301
/product/vy2004/,https://www.prizma-optic.co.il/ru/products/,url,url,301
/product/ek3006-2/,https://www.prizma-optic.co.il/ru/products/,url,url,301
/product/ek3001-3/,https://www.prizma-optic.co.il/ru/products/,url,url,301
/product/ek3003-2/,https://www.prizma-optic.co.il/ru/products/,url,url,301
/product/ek3001-2/,https://www.prizma-optic.co.il/ru/products/,url,url,301
/product/ek3003/,https://www.prizma-optic.co.il/ru/products/,url,url,301
/product/ek1001-2/,https://www.prizma-optic.co.il/ru/products/,url,url,301
/product/ek1001/,https://www.prizma-optic.co.il/ru/products/,url,url,301
/product/ek3001/,https://www.prizma-optic.co.il/ru/products/,url,url,301
/product/ek3006/,https://www.prizma-optic.co.il/ru/products/,url,url,301
/product/ek3203/,https://www.prizma-optic.co.il/ru/products/,url,url,301
/product/rb1530/,https://www.prizma-optic.co.il/ru/products/,url,url,301
/product/rb1550/,https://www.prizma-optic.co.il/ru/products/,url,url,301
/product/rb5206/,https://www.prizma-optic.co.il/ru/products/,url,url,301
/product/rb1562/,https://www.prizma-optic.co.il/ru/products/,url,url,301
/product/rb1536/,https://www.prizma-optic.co.il/ru/products/,url,url,301
/product/rb1053/,https://www.prizma-optic.co.il/ru/products/,url,url,301
/product/rb1056/,https://www.prizma-optic.co.il/ru/products/,url,url,301
/product/rb1059/,https://www.prizma-optic.co.il/ru/products/,url,url,301
/product/hb07-14/,https://www.prizma-optic.co.il/ru/products/,url,url,301
/product/ha08-20/,https://www.prizma-optic.co.il/ru/products/,url,url,301
/product/9737/,https://www.prizma-optic.co.il/ru/products/,url,url,301
/product/hz15-58/,https://www.prizma-optic.co.il/ru/products/,url,url,301
/product/hb05-12/,https://www.prizma-optic.co.il/ru/products/,url,url,301
/product/ah5080/,https://www.prizma-optic.co.il/ru/products/,url,url,301
/product/63005/,https://www.prizma-optic.co.il/ru/products/,url,url,301
/product/0001/,https://www.prizma-optic.co.il/ru/products/,url,url,301
/product/63015/,https://www.prizma-optic.co.il/ru/products/,url,url,301
/product/ah5059/,https://www.prizma-optic.co.il/ru/products/,url,url,301
/product/mf06-12/,https://www.prizma-optic.co.il/ru/products/,url,url,301
/product/fd04-08/,https://www.prizma-optic.co.il/ru/products/,url,url,301
/product/mx03-04/,https://www.prizma-optic.co.il/ru/products/,url,url,301
/product/mz05-10/,https://www.prizma-optic.co.il/ru/products/,url,url,301
/product/mb-01-04-2/,https://www.prizma-optic.co.il/ru/products/,url,url,301
/product/mb-01-04/,https://www.prizma-optic.co.il/ru/products/,url,url,301
/product/mx04-13/,https://www.prizma-optic.co.il/ru/products/,url,url,301
/product/mb04-03/,https://www.prizma-optic.co.il/ru/products/,url,url,301
/product/mb05-07/,https://www.prizma-optic.co.il/ru/products/,url,url,301
/product/mb02-05/,https://www.prizma-optic.co.il/ru/products/,url,url,301
/product/genug-2/,https://www.prizma-optic.co.il/ru/products/,url,url,301
/product/lemtosh-4/,https://www.prizma-optic.co.il/ru/products/,url,url,301
/product/mitzen/,https://www.prizma-optic.co.il/ru/products/,url,url,301
/product/frankie-2/,https://www.prizma-optic.co.il/ru/products/,url,url,301
/product/genug/,https://www.prizma-optic.co.il/ru/products/,url,url,301
/product/lemtosh-3/,https://www.prizma-optic.co.il/ru/products/,url,url,301
/product/lemtosh-2/,https://www.prizma-optic.co.il/ru/products/,url,url,301
/product/miltzen-3/,https://www.prizma-optic.co.il/ru/products/,url,url,301
/product/miltzen-2/,https://www.prizma-optic.co.il/ru/products/,url,url,301
/product/miltzen/,https://www.prizma-optic.co.il/ru/products/,url,url,301
/product/fanagle-2/,https://www.prizma-optic.co.il/ru/products/,url,url,301
/product/tuchus/,https://www.prizma-optic.co.il/ru/products/,url,url,301
/product/lemtosh/,https://www.prizma-optic.co.il/ru/products/,url,url,301
/product/kash/,https://www.prizma-optic.co.il/ru/products/,url,url,301
/product/fanagle/,https://www.prizma-optic.co.il/ru/products/,url,url,301
/product/frankie/,https://www.prizma-optic.co.il/ru/products/,url,url,301
/product/4891048/,https://www.prizma-optic.co.il/ru/products/,url,url,301
/product/4767347/,https://www.prizma-optic.co.il/ru/products/,url,url,301
/product/351447/,https://www.prizma-optic.co.il/ru/products/,url,url,301
/product/157448/,https://www.prizma-optic.co.il/ru/products/,url,url,301
/product/149848/,https://www.prizma-optic.co.il/ru/products/,url,url,301
/product/350347/,https://www.prizma-optic.co.il/ru/products/,url,url,301
/product/451846/,https://www.prizma-optic.co.il/ru/products/,url,url,301
/product/449947/,https://www.prizma-optic.co.il/ru/products/,url,url,301
/product/129448/,https://www.prizma-optic.co.il/ru/products/,url,url,301
/product/449948/,https://www.prizma-optic.co.il/ru/products/,url,url,301
/product/h70668-2/,https://www.prizma-optic.co.il/ru/products/,url,url,301
/product/h70668/,https://www.prizma-optic.co.il/ru/products/,url,url,301
/product/148850/,https://www.prizma-optic.co.il/ru/products/,url,url,301
/product/132253/,https://www.prizma-optic.co.il/ru/products/,url,url,301
/product/115152/,https://www.prizma-optic.co.il/ru/products/,url,url,301
/product/133253/,https://www.prizma-optic.co.il/ru/products/,url,url,301
/product/4871154/,https://www.prizma-optic.co.il/ru/products/,url,url,301
/product/115254/,https://www.prizma-optic.co.il/ru/products/,url,url,301
/product/4891154/,https://www.prizma-optic.co.il/ru/products/,url,url,301
/product/134854/,https://www.prizma-optic.co.il/ru/products/,url,url,301
/product/919/,https://www.prizma-optic.co.il/ru/products/,url,url,301
/product/1927/,https://www.prizma-optic.co.il/ru/products/,url,url,301
/product/hs03-10/,https://www.prizma-optic.co.il/ru/products/,url,url,301
/product/5240/,https://www.prizma-optic.co.il/ru/products/,url,url,301
/product/hc08-15/,https://www.prizma-optic.co.il/ru/products/,url,url,301
/product/1911/,https://www.prizma-optic.co.il/ru/products/,url,url,301
/product/1955/,https://www.prizma-optic.co.il/ru/products/,url,url,301
/product/hq07-28/,https://www.prizma-optic.co.il/ru/products/,url,url,301
/product/tj19901/,https://www.prizma-optic.co.il/ru/products/,url,url,301
/product/5238/,https://www.prizma-optic.co.il/ru/products/,url,url,301
/product/vo5387/,https://www.prizma-optic.co.il/ru/products/,url,url,301
/product/vo5472-2/,https://www.prizma-optic.co.il/ru/products/,url,url,301
/product/vo5224/,https://www.prizma-optic.co.il/ru/products/,url,url,301
/product/vo5472/,https://www.prizma-optic.co.il/ru/products/,url,url,301
/product/vo5285/,https://www.prizma-optic.co.il/ru/products/,url,url,301
/product/vo4259/,https://www.prizma-optic.co.il/ru/products/,url,url,301
/product/vo4222/,https://www.prizma-optic.co.il/ru/products/,url,url,301
/product/vo4108/,https://www.prizma-optic.co.il/ru/products/,url,url,301
/product/vo3987-b/,https://www.prizma-optic.co.il/ru/products/,url,url,301
/product/vo4208/,https://www.prizma-optic.co.il/ru/products/,url,url,301
/product/1151/,https://www.prizma-optic.co.il/ru/products/,url,url,301
/product/1144/,https://www.prizma-optic.co.il/ru/products/,url,url,301
/product/2086/,https://www.prizma-optic.co.il/ru/products/,url,url,301
/product/2289/,https://www.prizma-optic.co.il/ru/products/,url,url,301
/product/94120-2/,https://www.prizma-optic.co.il/ru/products/,url,url,301
/product/94120/,https://www.prizma-optic.co.il/ru/products/,url,url,301
/product/ds1440-3/,https://www.prizma-optic.co.il/ru/products/,url,url,301
/product/ds1441-2/,https://www.prizma-optic.co.il/ru/products/,url,url,301
/product/ds1440-2/,https://www.prizma-optic.co.il/ru/products/,url,url,301
/product/ds1441/,https://www.prizma-optic.co.il/ru/products/,url,url,301
/product/ds1440/,https://www.prizma-optic.co.il/ru/products/,url,url,301
/product/20p2/,https://www.prizma-optic.co.il/ru/products/,url,url,301
/product/1303/,https://www.prizma-optic.co.il/ru/products/,url,url,301
/product/56039/,https://www.prizma-optic.co.il/ru/products/,url,url,301
/product/rlt5882/,https://www.prizma-optic.co.il/ru/products/,url,url,301
/product/69795/,https://www.prizma-optic.co.il/ru/products/,url,url,301
/product/7501251/,https://www.prizma-optic.co.il/ru/products/,url,url,301
/product/7525351/,https://www.prizma-optic.co.il/ru/products/,url,url,301
/product/7511952/,https://www.prizma-optic.co.il/ru/products/,url,url,301
/product/7518352/,https://www.prizma-optic.co.il/ru/products/,url,url,301
/product/7521351/,https://www.prizma-optic.co.il/ru/products/,url,url,301
/product/7501951/,https://www.prizma-optic.co.il/ru/products/,url,url,301
/product/106254/,https://www.prizma-optic.co.il/ru/products/,url,url,301
/product/106854/,https://www.prizma-optic.co.il/ru/products/,url,url,301
/product/106952/,https://www.prizma-optic.co.il/ru/products/,url,url,301
/product/103252/,https://www.prizma-optic.co.il/ru/products/,url,url,301
/product/103256/,https://www.prizma-optic.co.il/ru/products/,url,url,301
/product/103954/,https://www.prizma-optic.co.il/ru/products/,url,url,301
/product/103950/,https://www.prizma-optic.co.il/ru/products/,url,url,301
/product/106850/,https://www.prizma-optic.co.il/ru/products/,url,url,301
/product/286847/,https://www.prizma-optic.co.il/ru/products/,url,url,301
/product/298148/,https://www.prizma-optic.co.il/ru/products/,url,url,301
/product/247448-2/,https://www.prizma-optic.co.il/ru/products/,url,url,301
/product/247448/,https://www.prizma-optic.co.il/ru/products/,url,url,301
/product/299050/,https://www.prizma-optic.co.il/ru/products/,url,url,301
/product/232245/,https://www.prizma-optic.co.il/ru/products/,url,url,301
/product/285446/,https://www.prizma-optic.co.il/ru/products/,url,url,301
/product/298448-2/,https://www.prizma-optic.co.il/ru/products/,url,url,301
/product/298448/,https://www.prizma-optic.co.il/ru/products/,url,url,301
/product/326248/,https://www.prizma-optic.co.il/ru/products/,url,url,301
/product/4971046/,https://www.prizma-optic.co.il/ru/products/,url,url,301
/product/446546/,https://www.prizma-optic.co.il/ru/products/,url,url,301
/product/4903545/,https://www.prizma-optic.co.il/ru/products/,url,url,301
/product/493745/,https://www.prizma-optic.co.il/ru/products/,url,url,301
/product/4931745/,https://www.prizma-optic.co.il/ru/products/,url,url,301
/product/4787046-2/,https://www.prizma-optic.co.il/ru/products/,url,url,301
/product/4787046/,https://www.prizma-optic.co.il/ru/products/,url,url,301
/product/4863346/,https://www.prizma-optic.co.il/ru/products/,url,url,301
/product/481247/,https://www.prizma-optic.co.il/ru/products/,url,url,301
/product/366247-2/,https://www.prizma-optic.co.il/ru/products/,url,url,301
/product/366247/,https://www.prizma-optic.co.il/ru/products/,url,url,301
/product/325649/,https://www.prizma-optic.co.il/ru/products/,url,url,301
/product/286147-2/,https://www.prizma-optic.co.il/ru/products/,url,url,301
/product/286147/,https://www.prizma-optic.co.il/ru/products/,url,url,301
/product/363147/,https://www.prizma-optic.co.il/ru/products/,url,url,301
/product/294851/,https://www.prizma-optic.co.il/ru/products/,url,url,301
/product/294251/,https://www.prizma-optic.co.il/ru/products/,url,url,301
/product/299150/,https://www.prizma-optic.co.il/ru/products/,url,url,301
/product/249451/,https://www.prizma-optic.co.il/ru/products/,url,url,301
/product/301950/,https://www.prizma-optic.co.il/ru/products/,url,url,301
/product/481439/,https://www.prizma-optic.co.il/ru/products/,url,url,301
/product/4811739/,https://www.prizma-optic.co.il/ru/products/,url,url,301
/product/4812741/,https://www.prizma-optic.co.il/ru/products/,url,url,301
/product/4953343-2/,https://www.prizma-optic.co.il/ru/products/,url,url,301
/product/4953343/,https://www.prizma-optic.co.il/ru/products/,url,url,301
/product/4813343/,https://www.prizma-optic.co.il/ru/products/,url,url,301
/product/479744/,https://www.prizma-optic.co.il/ru/products/,url,url,301
/product/481043/,https://www.prizma-optic.co.il/ru/products/,url,url,301
/product/487344/,https://www.prizma-optic.co.il/ru/products/,url,url,301
/product/487444/,https://www.prizma-optic.co.il/ru/products/,url,url,301
/product/bb-0185-o/,https://www.prizma-optic.co.il/ru/products/,url,url,301
/product/bb-0104-o/,https://www.prizma-optic.co.il/ru/products/,url,url,301
/product/bb-0105-o/,https://www.prizma-optic.co.il/ru/products/,url,url,301
/product/bb-0171-o/,https://www.prizma-optic.co.il/ru/products/,url,url,301
/product/bb-090-o/,https://www.prizma-optic.co.il/ru/products/,url,url,301
/product/bb-0242-o/,https://www.prizma-optic.co.il/ru/products/,url,url,301
/product/bb-0128-o/,https://www.prizma-optic.co.il/ru/products/,url,url,301
/product/fe50048i/,https://www.prizma-optic.co.il/ru/products/,url,url,301
/product/ff-0333/,https://www.prizma-optic.co.il/ru/products/,url,url,301
/product/fe50009u/,https://www.prizma-optic.co.il/ru/products/,url,url,301
/product/fe50012u/,https://www.prizma-optic.co.il/ru/products/,url,url,301
/product/fe50038i/,https://www.prizma-optic.co.il/ru/products/,url,url,301
/product/fe50007u/,https://www.prizma-optic.co.il/ru/products/,url,url,301
/product/ff-0329/,https://www.prizma-optic.co.il/ru/products/,url,url,301
/product/fe50021u/,https://www.prizma-optic.co.il/ru/products/,url,url,301
/product/fe0130/,https://www.prizma-optic.co.il/ru/products/,url,url,301
/product/gg1208o/,https://www.prizma-optic.co.il/ru/products/,url,url,301
/product/gg0967o/,https://www.prizma-optic.co.il/ru/products/,url,url,301
/product/gg0202o/,https://www.prizma-optic.co.il/ru/products/,url,url,301
/product/gg10922oa/,https://www.prizma-optic.co.il/ru/products/,url,url,301
/product/gg1145o/,https://www.prizma-optic.co.il/ru/products/,url,url,301
/product/gg10079o/,https://www.prizma-optic.co.il/ru/products/,url,url,301
/product/gg0968o/,https://www.prizma-optic.co.il/ru/products/,url,url,301
/product/gg1160o/,https://www.prizma-optic.co.il/ru/products/,url,url,301
/product/gg0634o/,https://www.prizma-optic.co.il/ru/products/,url,url,301
/product/gg0025o/,https://www.prizma-optic.co.il/ru/products/,url,url,301
/product/gg0958o/,https://www.prizma-optic.co.il/ru/products/,url,url,301
/product/gg0184o/,https://www.prizma-optic.co.il/ru/products/,url,url,301
/product/gg0737o/,https://www.prizma-optic.co.il/ru/products/,url,url,301
/product/gg1150o/,https://www.prizma-optic.co.il/ru/products/,url,url,301
/product/gg1025o/,https://www.prizma-optic.co.il/ru/products/,url,url,301
/product/kf-111/,https://www.prizma-optic.co.il/ru/products/,url,url,301
/product/kf-040/,https://www.prizma-optic.co.il/ru/products/,url,url,301
/product/fk-355/,https://www.prizma-optic.co.il/ru/products/,url,url,301
/product/kf-196/,https://www.prizma-optic.co.il/ru/products/,url,url,301
/product/kf-114/,https://www.prizma-optic.co.il/ru/products/,url,url,301
/product/kf-070/,https://www.prizma-optic.co.il/ru/products/,url,url,301
/product/kf-318/,https://www.prizma-optic.co.il/ru/products/,url,url,301
/product/kf-250/,https://www.prizma-optic.co.il/ru/products/,url,url,301
/product/kf-284/,https://www.prizma-optic.co.il/ru/products/,url,url,301
/product/kf363/,https://www.prizma-optic.co.il/ru/products/,url,url,301
/product/kf357-2/,https://www.prizma-optic.co.il/ru/products/,url,url,301
/product/kf357/,https://www.prizma-optic.co.il/ru/products/,url,url,301
/product/kf231-2/,https://www.prizma-optic.co.il/ru/products/,url,url,301
/product/kf366/,https://www.prizma-optic.co.il/ru/products/,url,url,301
/product/kf322/,https://www.prizma-optic.co.il/ru/products/,url,url,301
/product/kf358/,https://www.prizma-optic.co.il/ru/products/,url,url,301
/product/kf231/,https://www.prizma-optic.co.il/ru/products/,url,url,301
/product/kf229/,https://www.prizma-optic.co.il/ru/products/,url,url,301
/product/kf347/,https://www.prizma-optic.co.il/ru/products/,url,url,301
/product/j-ch1083/,https://www.prizma-optic.co.il/ru/products/,url,url,301
/product/j-ch1078/,https://www.prizma-optic.co.il/ru/products/,url,url,301
/product/j-ch1055/,https://www.prizma-optic.co.il/ru/products/,url,url,301
/product/j-ch1062-2/,https://www.prizma-optic.co.il/ru/products/,url,url,301
/product/j-ch1085/,https://www.prizma-optic.co.il/ru/products/,url,url,301
/product/j-ch1087/,https://www.prizma-optic.co.il/ru/products/,url,url,301
/product/j-ch1013/,https://www.prizma-optic.co.il/ru/products/,url,url,301
/product/j-ch1086/,https://www.prizma-optic.co.il/ru/products/,url,url,301
/product/j-ch1072/,https://www.prizma-optic.co.il/ru/products/,url,url,301
/product/j-ch1082/,https://www.prizma-optic.co.il/ru/products/,url,url,301
/product/j-ch1088/,https://www.prizma-optic.co.il/ru/products/,url,url,301
/product/j-ch1025/,https://www.prizma-optic.co.il/ru/products/,url,url,301
/product/j-ch1062/,https://www.prizma-optic.co.il/ru/products/,url,url,301
/product/j-ch1080/,https://www.prizma-optic.co.il/ru/products/,url,url,301
/product/j-ch1052/,https://www.prizma-optic.co.il/ru/products/,url,url,301
/product/ho220-075/,https://www.prizma-optic.co.il/ru/products/,url,url,301
/product/ho210-120/,https://www.prizma-optic.co.il/ru/products/,url,url,301
/product/8223/,https://www.prizma-optic.co.il/ru/products/,url,url,301
/product/3694/,https://www.prizma-optic.co.il/ru/products/,url,url,301
/product/ry8823/,https://www.prizma-optic.co.il/ru/products/,url,url,301
/product/wl1105/,https://www.prizma-optic.co.il/ru/products/,url,url,301
/product/cs5186/,https://www.prizma-optic.co.il/ru/products/,url,url,301
/product/cs5058/,https://www.prizma-optic.co.il/ru/products/,url,url,301
/product/cs4975/,https://www.prizma-optic.co.il/ru/products/,url,url,301
/product/cj1450/,https://www.prizma-optic.co.il/ru/products/,url,url,301
/product/cs5204/,https://www.prizma-optic.co.il/ru/products/,url,url,301
/product/cs4757/,https://www.prizma-optic.co.il/ru/products/,url,url,301
/product/cj1416/,https://www.prizma-optic.co.il/ru/products/,url,url,301
/product/cs4912/,https://www.prizma-optic.co.il/ru/products/,url,url,301
/product/cj1420/,https://www.prizma-optic.co.il/ru/products/,url,url,301
/product/cj1410/,https://www.prizma-optic.co.il/ru/products/,url,url,301
/product/cs5024/,https://www.prizma-optic.co.il/ru/products/,url,url,301
/product/glamour8/,https://www.prizma-optic.co.il/ru/products/,url,url,301
/product/glamour3/,https://www.prizma-optic.co.il/ru/products/,url,url,301
/product/cs5064/,https://www.prizma-optic.co.il/ru/products/,url,url,301
/product/vo4270/,https://www.prizma-optic.co.il/ru/products/,url,url,301
/product/vo5281/,https://www.prizma-optic.co.il/ru/products/,url,url,301
/product/vo4109/,https://www.prizma-optic.co.il/ru/products/,url,url,301
/product/vo4258/,https://www.prizma-optic.co.il/ru/products/,url,url,301
/product/vo5461/,https://www.prizma-optic.co.il/ru/products/,url,url,301
/product/vo4221/,https://www.prizma-optic.co.il/ru/products/,url,url,301
/product/vo4183/,https://www.prizma-optic.co.il/ru/products/,url,url,301
/product/vo4177/,https://www.prizma-optic.co.il/ru/products/,url,url,301
/product/vo4181-b/,https://www.prizma-optic.co.il/ru/products/,url,url,301
/product/vo4213/,https://www.prizma-optic.co.il/ru/products/,url,url,301
/product/vo5413/,https://www.prizma-optic.co.il/ru/products/,url,url,301
/product/vo5406/,https://www.prizma-optic.co.il/ru/products/,url,url,301
/product/vo5334/,https://www.prizma-optic.co.il/ru/products/,url,url,301
/product/vo5371/,https://www.prizma-optic.co.il/ru/products/,url,url,301
/product/amethyst/,https://www.prizma-optic.co.il/ru/products/,url,url,301
/product/bonnie/,https://www.prizma-optic.co.il/ru/products/,url,url,301
/product/pe5472/,https://www.prizma-optic.co.il/ru/products/,url,url,301
/product/pe5537/,https://www.prizma-optic.co.il/ru/products/,url,url,301
/product/pe5796/,https://www.prizma-optic.co.il/ru/products/,url,url,301
/product/pe6007-3/,https://www.prizma-optic.co.il/ru/products/,url,url,301
/product/pe6007-2/,https://www.prizma-optic.co.il/ru/products/,url,url,301
/product/pe6007/,https://www.prizma-optic.co.il/ru/products/,url,url,301
/product/6114/,https://www.prizma-optic.co.il/ru/products/,url,url,301
/product/6152/,https://www.prizma-optic.co.il/ru/products/,url,url,301
/product/capri/,https://www.prizma-optic.co.il/ru/products/,url,url,301
/product/carvinia/,https://www.prizma-optic.co.il/ru/products/,url,url,301
/product/6146/,https://www.prizma-optic.co.il/ru/products/,url,url,301
/product/6123/,https://www.prizma-optic.co.il/ru/products/,url,url,301
/product/6182/,https://www.prizma-optic.co.il/ru/products/,url,url,301
/product/6185/,https://www.prizma-optic.co.il/ru/products/,url,url,301
/product/6116/,https://www.prizma-optic.co.il/ru/products/,url,url,301
/product/6142/,https://www.prizma-optic.co.il/ru/products/,url,url,301
/product/6188/,https://www.prizma-optic.co.il/ru/products/,url,url,301
/product/6120/,https://www.prizma-optic.co.il/ru/products/,url,url,301
/product/6196/,https://www.prizma-optic.co.il/ru/products/,url,url,301
/product/6170/,https://www.prizma-optic.co.il/ru/products/,url,url,301
/product/6193/,https://www.prizma-optic.co.il/ru/products/,url,url,301
/product/gyv-426/,https://www.prizma-optic.co.il/ru/products/,url,url,301
/product/gyv-435/,https://www.prizma-optic.co.il/ru/products/,url,url,301
/product/gyv-791/,https://www.prizma-optic.co.il/ru/products/,url,url,301
/product/gyv-743/,https://www.prizma-optic.co.il/ru/products/,url,url,301
/product/gyv-679/,https://www.prizma-optic.co.il/ru/products/,url,url,301
/product/gyv-788/,https://www.prizma-optic.co.il/ru/products/,url,url,301
/product/gyv-678/,https://www.prizma-optic.co.il/ru/products/,url,url,301
/product/gyv-428/,https://www.prizma-optic.co.il/ru/products/,url,url,301
/product/gyv-726/,https://www.prizma-optic.co.il/ru/products/,url,url,301
/product/ea4115-3/,https://www.prizma-optic.co.il/ru/products/,url,url,301
/product/ea4211/,https://www.prizma-optic.co.il/ru/products/,url,url,301
/product/ea4115-2/,https://www.prizma-optic.co.il/ru/products/,url,url,301
/product/p8327/,https://www.prizma-optic.co.il/ru/products/,url,url,301
/product/p8368/,https://www.prizma-optic.co.il/ru/products/,url,url,301
/product/p8381/,https://www.prizma-optic.co.il/ru/products/,url,url,301
/product/p8373/,https://www.prizma-optic.co.il/ru/products/,url,url,301
/product/p8355/,https://www.prizma-optic.co.il/ru/products/,url,url,301
/product/ultradioro-s1u/,https://www.prizma-optic.co.il/ru/products/,url,url,301
/product/gemdioro-ru/,https://www.prizma-optic.co.il/ru/products/,url,url,301
/product/diorsprito-ri/,https://www.prizma-optic.co.il/ru/products/,url,url,301
/product/diorsignatureo-b2i/,https://www.prizma-optic.co.il/ru/products/,url,url,301
/product/diorsignatureo-bi/,https://www.prizma-optic.co.il/ru/products/,url,url,301
/product/mydioro3/,https://www.prizma-optic.co.il/ru/products/,url,url,301
/product/tre3088/,https://www.prizma-optic.co.il/ru/products/,url,url,301
/product/tre3082/,https://www.prizma-optic.co.il/ru/products/,url,url,301
/product/tre3089/,https://www.prizma-optic.co.il/ru/products/,url,url,301
/product/etosha-2/,https://www.prizma-optic.co.il/ru/products/,url,url,301
/product/hannah-bay/,https://www.prizma-optic.co.il/ru/products/,url,url,301
/product/baviera/,https://www.prizma-optic.co.il/ru/products/,url,url,301
/product/etosha/,https://www.prizma-optic.co.il/ru/products/,url,url,301
/product/carpi/,https://www.prizma-optic.co.il/ru/products/,url,url,301
/product/etqsha/,https://www.prizma-optic.co.il/ru/products/,url,url,301
/product/montijo/,https://www.prizma-optic.co.il/ru/products/,url,url,301
/product/anvers-p-20/,https://www.prizma-optic.co.il/ru/products/,url,url,301
/product/vera/,https://www.prizma-optic.co.il/ru/products/,url,url,301
/product/habsburgo/,https://www.prizma-optic.co.il/ru/products/,url,url,301
/product/elisabeth/,https://www.prizma-optic.co.il/ru/products/,url,url,301
/product/sussex/,https://www.prizma-optic.co.il/ru/products/,url,url,301
/product/jani/,https://www.prizma-optic.co.il/ru/products/,url,url,301
/product/teide/,https://www.prizma-optic.co.il/ru/products/,url,url,301
/product/yoho/,https://www.prizma-optic.co.il/ru/products/,url,url,301
/product/ea4101/,https://www.prizma-optic.co.il/ru/products/,url,url,301
/product/ea3162/,https://www.prizma-optic.co.il/ru/products/,url,url,301
/product/ea1108/,https://www.prizma-optic.co.il/ru/products/,url,url,301
/product/ea3211/,https://www.prizma-optic.co.il/ru/products/,url,url,301
/product/ea4115/,https://www.prizma-optic.co.il/ru/products/,url,url,301
/product/ea4160/,https://www.prizma-optic.co.il/ru/products/,url,url,301
/product/ea3069/,https://www.prizma-optic.co.il/ru/products/,url,url,301
/product/ea3038/,https://www.prizma-optic.co.il/ru/products/,url,url,301
/product/ea3147/,https://www.prizma-optic.co.il/ru/products/,url,url,301
/product/ea1052/,https://www.prizma-optic.co.il/ru/products/,url,url,301
/product/ea1105/,https://www.prizma-optic.co.il/ru/products/,url,url,301
/product/ea1149/,https://www.prizma-optic.co.il/ru/products/,url,url,301
/product/ea1059/,https://www.prizma-optic.co.il/ru/products/,url,url,301
/product/ox8050-2/,https://www.prizma-optic.co.il/ru/products/,url,url,301
/product/ox3128/,https://www.prizma-optic.co.il/ru/products/,url,url,301
/product/ox8060-2/,https://www.prizma-optic.co.il/ru/products/,url,url,301
/product/ox8050/,https://www.prizma-optic.co.il/ru/products/,url,url,301
/product/ox3217/,https://www.prizma-optic.co.il/ru/products/,url,url,301
/product/oy0826/,https://www.prizma-optic.co.il/ru/products/,url,url,301
/product/ox8046/,https://www.prizma-optic.co.il/ru/products/,url,url,301
/product/ox8060/,https://www.prizma-optic.co.il/ru/products/,url,url,301
/product/ox8164/,https://www.prizma-optic.co.il/ru/products/,url,url,301
/product/rw50010u/,https://www.prizma-optic.co.il/ru/products/,url,url,301
/product/gg1313o/,https://www.prizma-optic.co.il/ru/products/,url,url,301
/product/gg0913o/,https://www.prizma-optic.co.il/ru/products/,url,url,301
/product/sl578-3/,https://www.prizma-optic.co.il/ru/products/,url,url,301
/product/sl584-2/,https://www.prizma-optic.co.il/ru/products/,url,url,301
/product/sl585/,https://www.prizma-optic.co.il/ru/products/,url,url,301
/product/sl472/,https://www.prizma-optic.co.il/ru/products/,url,url,301
/product/sl578-2/,https://www.prizma-optic.co.il/ru/products/,url,url,301
/product/sl578/,https://www.prizma-optic.co.il/ru/products/,url,url,301
/product/sl436-opt/,https://www.prizma-optic.co.il/ru/products/,url,url,301
/product/sl584/,https://www.prizma-optic.co.il/ru/products/,url,url,301
/product/sl386/,https://www.prizma-optic.co.il/ru/products/,url,url,301
/product/slm102/,https://www.prizma-optic.co.il/ru/products/,url,url,301
/product/sl399/,https://www.prizma-optic.co.il/ru/products/,url,url,301
/product/sl514/,https://www.prizma-optic.co.il/ru/products/,url,url,301
/product/bb0186o/,https://www.prizma-optic.co.il/ru/products/,url,url,301
/product/bb0172o-2/,https://www.prizma-optic.co.il/ru/products/,url,url,301
/product/bb0242o/,https://www.prizma-optic.co.il/ru/products/,url,url,301
/product/bb0172o/,https://www.prizma-optic.co.il/ru/products/,url,url,301
/product/bb0275o/,https://www.prizma-optic.co.il/ru/products/,url,url,301
/product/bb0065o/,https://www.prizma-optic.co.il/ru/products/,url,url,301
/product/bb0128o/,https://www.prizma-optic.co.il/ru/products/,url,url,301
/product/k1269-2/,https://www.prizma-optic.co.il/ru/products/,url,url,301
/product/sk2022/,https://www.prizma-optic.co.il/ru/products/,url,url,301
/product/sk2013/,https://www.prizma-optic.co.il/ru/products/,url,url,301
/product/sk2001/,https://www.prizma-optic.co.il/ru/products/,url,url,301
/product/sk5311/,https://www.prizma-optic.co.il/ru/products/,url,url,301
/product/sk2024/,https://www.prizma-optic.co.il/ru/products/,url,url,301
/product/sk2012/,https://www.prizma-optic.co.il/ru/products/,url,url,301
/product/1283/,https://www.prizma-optic.co.il/ru/products/,url,url,301
/product/4298/,https://www.prizma-optic.co.il/ru/products/,url,url,301
/product/1271/,https://www.prizma-optic.co.il/ru/products/,url,url,301
/product/1268/,https://www.prizma-optic.co.il/ru/products/,url,url,301
/product/5002/,https://www.prizma-optic.co.il/ru/products/,url,url,301
/product/1279/,https://www.prizma-optic.co.il/ru/products/,url,url,301
/product/4300/,https://www.prizma-optic.co.il/ru/products/,url,url,301
/product/1251/,https://www.prizma-optic.co.il/ru/products/,url,url,301
/product/lessrim-tomi/,https://www.prizma-optic.co.il/ru/products/,url,url,301
/product/light-eri/,https://www.prizma-optic.co.il/ru/products/,url,url,301
/product/studio-6-8/,https://www.prizma-optic.co.il/ru/products/,url,url,301
/product/light-gunda/,https://www.prizma-optic.co.il/ru/products/,url,url,301
/product/adriano/,https://www.prizma-optic.co.il/ru/products/,url,url,301
/product/jesper/,https://www.prizma-optic.co.il/ru/products/,url,url,301
/product/karsten/,https://www.prizma-optic.co.il/ru/products/,url,url,301
/product/gerhard/,https://www.prizma-optic.co.il/ru/products/,url,url,301
/product/light-claas/,https://www.prizma-optic.co.il/ru/products/,url,url,301
/category/%d7%90%d7%95%d7%a4%d7%98%d7%99%d7%a7%d7%94-%d7%a0%d7%99%d7%99%d7%93%d7%aa/,https://www.prizma-optic.co.il/ru/blog/,url,url,301
/category/%d7%9b%d7%9c%d7%9c%d7%99/,https://www.prizma-optic.co.il/ru/blog/,url,url,301
/category/%d7%9e%d7%95%d7%9c%d7%98%d7%99%d7%a4%d7%95%d7%a7%d7%9c/,https://www.prizma-optic.co.il/ru/blog/,url,url,301
/category/%d7%9e%d7%99%d7%95%d7%a4%d7%99%d7%94/,https://www.prizma-optic.co.il/ru/blog/,url,url,301
/tag/%d0%b2%d0%b8%d0%b4%d1%8b-%d0%bc%d1%83%d0%bb%d1%8c%d1%82%d0%b8%d1%84%d0%be%d0%ba%d0%b0%d0%bb%d1%8c%d0%bd%d1%8b%d1%85-%d0%bb%d0%b8%d0%bd%d0%b7-%d0%ba%d0%b0%d0%ba-%d0%b2%d1%8b%d0%b1%d1%80%d0%b0/,https://www.prizma-optic.co.il/ru/blog/,url,url,301
/tag/%d0%b7%d1%80%d0%b5%d0%bd%d0%b8%d0%b5-%d1%80%d0%b5%d0%b1%d0%b5%d0%bd%d0%ba%d0%b0-%d1%83%d1%85%d1%83%d0%b4%d1%88%d0%b0%d0%b5%d1%82%d1%81%d1%8f/,https://www.prizma-optic.co.il/ru/blog/,url,url,301
/tag/%d0%ba%d0%b0%d0%ba-%d0%bf%d1%80%d0%b0%d0%b2%d0%b8%d0%bb%d1%8c%d0%bd%d0%be-%d0%b2%d1%8b%d0%b1%d1%80%d0%b0%d1%82%d1%8c-%d0%be%d0%bf%d1%80%d0%b0%d0%b2%d1%83-%d0%b4%d0%bb%d1%8f-%d0%bc%d1%83%d0%bb%d1%8c/,https://www.prizma-optic.co.il/ru/blog/,url,url,301
/tag/%d0%bb%d0%b5%d1%87%d0%b5%d0%bd%d0%b8%d0%b5-%d0%bc%d0%b8%d0%be%d0%bf%d0%b8%d0%b8-%d1%83-%d0%b4%d0%b5%d1%82%d0%b5%d0%b9/,https://www.prizma-optic.co.il/ru/blog/,url,url,301
/tag/%d0%bc%d1%83%d0%bb%d1%8c%d1%82%d0%b8%d1%84%d0%be%d0%ba%d0%b0%d0%bb%d1%8c%d0%bd%d1%8b%d0%b5/,https://www.prizma-optic.co.il/ru/blog/,url,url,301
/tag/%d0%bc%d1%83%d0%bb%d1%8c%d1%82%d0%b8%d1%84%d0%be%d0%ba%d0%b0%d0%bb%d1%8c%d0%bd%d1%8b%d0%b5-%d0%bb%d0%b8%d0%bd%d0%b7%d1%8b/,https://www.prizma-optic.co.il/ru/blog/,url,url,301
/tag/%d0%bc%d1%83%d0%bb%d1%8c%d1%82%d0%b8%d1%84%d0%be%d0%ba%d0%b0%d0%bb%d1%8c%d0%bd%d1%8b%d0%b5-%d0%bb%d0%b8%d0%bd%d0%b7%d1%8b-%d0%ba%d0%b0%d0%ba-%d0%be%d0%bd%d0%b8-%d0%bc%d0%b5%d0%bd%d1%8f%d1%8e/,https://www.prizma-optic.co.il/ru/blog/,url,url,301
/tag/%d0%bc%d1%83%d0%bb%d1%8c%d1%82%d0%b8%d1%84%d0%be%d0%ba%d0%b0%d0%bb%d1%8c%d0%bd%d1%8b%d0%b5-%d0%be%d1%87%d0%ba%d0%b8/,https://www.prizma-optic.co.il/ru/blog/,url,url,301
/tag/%d0%bc%d1%83%d0%bb%d1%8c%d1%82%d0%b8%d1%84%d0%be%d0%ba%d0%b0%d0%bb%d1%8c%d0%bd%d1%8b%d0%b5-%d0%be%d1%87%d0%ba%d0%b8-%d1%83%d0%bd%d0%b8%d0%b2%d0%b5%d1%80%d1%81%d0%b0%d0%bb%d1%8c%d0%bd%d0%be/,https://www.prizma-optic.co.il/ru/blog/,url,url,301
/tag/%d0%be%d1%87%d0%ba%d0%b8-%d0%bd%d0%b0-%d0%b4%d0%be%d0%bc/,https://www.prizma-optic.co.il/ru/blog/,url,url,301
/tag/%d1%81%d0%ba%d0%be%d0%bb%d1%8c%d0%ba%d0%be-%d1%81%d1%82%d0%be%d1%8f%d1%82-%d0%bc%d1%83%d0%bb%d1%8c%d1%82%d0%b8%d1%84%d0%be%d0%ba%d0%b0%d0%bb%d1%8c%d0%bd%d1%8b%d0%b5-%d0%bb%d0%b8%d0%bd%d0%b7%d1%8b/,https://www.prizma-optic.co.il/ru/blog/,url,url,301
/tag/%d1%81%d0%ba%d0%be%d0%bb%d1%8c%d0%ba%d0%be-%d1%81%d1%82%d0%be%d1%8f%d1%82-%d0%bc%d1%83%d0%bb%d1%8c%d1%82%d0%b8%d1%84%d0%be%d0%ba%d0%b0%d0%bb%d1%8c%d0%bd%d1%8b%d0%b5-%d0%be%d1%87%d0%ba%d0%b8-%d0%b8/,https://www.prizma-optic.co.il/ru/blog/,url,url,301
/tag/%d1%81%d0%ba%d0%be%d0%bb%d1%8c%d0%ba%d0%be-%d1%81%d1%82%d0%be%d1%8f%d1%82-%d0%bc%d1%83%d0%bb%d1%8c%d1%82%d0%b8%d1%84%d0%be%d0%ba%d0%b0%d0%bb%d1%8c%d0%bd%d1%8b%d0%b5-%d0%be%d1%87%d0%ba%d0%b8-%d0%b8-2/,https://www.prizma-optic.co.il/ru/blog/,url,url,301
/tag/%d1%86%d0%b5%d0%bd%d0%b0-%d0%bc%d1%83%d0%bb%d1%8c%d1%82%d0%b8%d1%84%d0%be%d0%ba%d0%b0%d0%bb%d1%8c%d0%bd%d1%8b%d1%85-%d0%bb%d0%b8%d0%bd%d0%b7-hoya/,https://www.prizma-optic.co.il/ru/blog/,url,url,301
/tag/%d1%86%d0%b5%d0%bd%d0%b0-%d0%bc%d1%83%d0%bb%d1%8c%d1%82%d0%b8%d1%84%d0%be%d0%ba%d0%b0%d0%bb%d1%8c%d0%bd%d1%8b%d1%85-%d0%bb%d0%b8%d0%bd%d0%b7-optimize/,https://www.prizma-optic.co.il/ru/blog/,url,url,301
/tag/%d1%86%d0%b5%d0%bd%d0%b0-%d0%bc%d1%83%d0%bb%d1%8c%d1%82%d0%b8%d1%84%d0%be%d0%ba%d0%b0%d0%bb%d1%8c%d0%bd%d1%8b%d1%85-%d0%bb%d0%b8%d0%bd%d0%b7-rodenstock/,https://www.prizma-optic.co.il/ru/blog/,url,url,301
/tag/%d1%86%d0%b5%d0%bd%d0%b0-%d0%bc%d1%83%d0%bb%d1%8c%d1%82%d0%b8%d1%84%d0%be%d0%ba%d0%b0%d0%bb%d1%8c%d0%bd%d1%8b%d1%85-%d0%bb%d0%b8%d0%bd%d0%b7-shamir/,https://www.prizma-optic.co.il/ru/blog/,url,url,301
/tag/%d1%86%d0%b5%d0%bd%d0%b0-%d0%bc%d1%83%d0%bb%d1%8c%d1%82%d0%b8%d1%84%d0%be%d0%ba%d0%b0%d0%bb%d1%8c%d0%bd%d1%8b%d1%85-%d0%bb%d0%b8%d0%bd%d0%b7-zeiss-%d0%bf%d0%b5%d1%80%d0%b5%d0%b4%d0%be%d0%b2/,https://www.prizma-optic.co.il/ru/blog/,url,url,301
/tag/%d1%87%d1%82%d0%be-%d1%82%d0%b0%d0%ba%d0%be%d0%b5-%d0%bc%d1%83%d0%bb%d1%8c%d1%82%d0%b8%d1%84%d0%be%d0%ba%d0%b0%d0%bb%d1%8c%d0%bd%d1%8b%d0%b5-%d0%bb%d0%b8%d0%bd%d0%b7%d1%8b-%d0%b8-%d0%b7%d0%b0%d1%87/,https://www.prizma-optic.co.il/ru/blog/,url,url,301
/tag/%d7%90%d7%95%d7%a4%d7%98%d7%99%d7%a7%d7%94-%d7%90%d7%a9%d7%a7%d7%9c%d7%95%d7%9f/,https://www.prizma-optic.co.il/ru/blog/,url,url,301
/tag/%d7%90%d7%95%d7%a4%d7%98%d7%99%d7%a7%d7%94-%d7%91%d7%90%d7%a9%d7%a7%d7%9c%d7%95%d7%9f/,https://www.prizma-optic.co.il/ru/blog/,url,url,301
/tag/%d7%90%d7%95%d7%a4%d7%98%d7%99%d7%a7%d7%94-%d7%a4%d7%a8%d7%99%d7%96%d7%9e%d7%94/,https://www.prizma-optic.co.il/ru/blog/,url,url,301
/tag/%d7%90%d7%99%d7%9a-%d7%9c%d7%91%d7%97%d7%95%d7%a8-%d7%9e%d7%a9%d7%a7%d7%a4%d7%99-%d7%a8%d7%90%d7%99%d7%99%d7%94/,https://www.prizma-optic.co.il/ru/blog/,url,url,301
/tag/%d7%90%d7%a9%d7%a7%d7%9c%d7%95%d7%9f/,https://www.prizma-optic.co.il/ru/blog/,url,url,301
/tag/%d7%91%d7%a2%d7%99%d7%95%d7%aa-%d7%a8%d7%90%d7%99%d7%99%d7%94-%d7%a0%d7%a4%d7%95%d7%a6%d7%95%d7%aa/,https://www.prizma-optic.co.il/ru/blog/,url,url,301
/tag/%d7%9e%d7%a9%d7%a7%d7%a4%d7%99-%d7%a8%d7%90%d7%99%d7%99%d7%94/,https://www.prizma-optic.co.il/ru/blog/,url,url,301
/tag/%d7%9e%d7%a9%d7%a7%d7%a4%d7%99-%d7%a9%d7%9e%d7%a9/,https://www.prizma-optic.co.il/ru/blog/,url,url,301
/tag/%d7%9e%d7%a9%d7%a7%d7%a4%d7%99%d7%99%d7%9d/,https://www.prizma-optic.co.il/ru/blog/,url,url,301
/tag/%d7%9e%d7%a9%d7%a7%d7%a4%d7%99%d7%99%d7%9d-%d7%9c%d7%9c%d7%90-%d7%9e%d7%a8%d7%a9%d7%9d/,https://www.prizma-optic.co.il/ru/blog/,url,url,301
/tag/%d7%a2%d7%93%d7%a9%d7%95%d7%aa/,https://www.prizma-optic.co.il/ru/blog/,url,url,301
/tag/%d7%a2%d7%93%d7%a9%d7%95%d7%aa-%d7%9e%d7%92%d7%a2/,https://www.prizma-optic.co.il/ru/blog/,url,url,301
/tag/%d7%a7%d7%a9%d7%99%d7%99-%d7%a8%d7%90%d7%99%d7%99%d7%94/,https://www.prizma-optic.co.il/ru/blog/,url,url,301
/product_brand/a-ga-ta/,https://www.prizma-optic.co.il/ru/categories/,url,url,301
/product_brand/armani-exchange/,https://www.prizma-optic.co.il/ru/categories/,url,url,301
/product_brand/arnette/,https://www.prizma-optic.co.il/ru/categories/,url,url,301
/product_brand/balenciaga/,https://www.prizma-optic.co.il/ru/categories/,url,url,301
/product_brand/bolle/,https://www.prizma-optic.co.il/ru/categories/,url,url,301
/product_brand/borbonese/,https://www.prizma-optic.co.il/ru/categories/,url,url,301
/product_brand/boucheron/,https://www.prizma-optic.co.il/ru/categories/,url,url,301
/product_brand/burberry/,https://www.prizma-optic.co.il/ru/categories/,url,url,301
/product_brand/byblos/,https://www.prizma-optic.co.il/ru/categories/,url,url,301
/product_brand/cazal/,https://www.prizma-optic.co.il/ru/categories/,url,url,301
/product_brand/celine/,https://www.prizma-optic.co.il/ru/categories/,url,url,301
/product_brand/christies/,https://www.prizma-optic.co.il/ru/categories/,url,url,301
/product_brand/clark/,https://www.prizma-optic.co.il/ru/categories/,url,url,301
/product_brand/diesse/,https://www.prizma-optic.co.il/ru/categories/,url,url,301
/product_brand/dior/,https://www.prizma-optic.co.il/ru/categories/,url,url,301
/product_brand/dolce-gabbana/,https://www.prizma-optic.co.il/ru/categories/,url,url,301
/product_brand/emporio-armani/,https://www.prizma-optic.co.il/ru/categories/,url,url,301
/product_brand/etnia/,https://www.prizma-optic.co.il/ru/categories/,url,url,301
/product_brand/fendi-roma/,https://www.prizma-optic.co.il/ru/categories/,url,url,301
/product_brand/forest/,https://www.prizma-optic.co.il/ru/categories/,url,url,301
/product_brand/fred/,https://www.prizma-optic.co.il/ru/categories/,url,url,301
/product_brand/gaf/,https://www.prizma-optic.co.il/ru/categories/,url,url,301
/product_brand/genny/,https://www.prizma-optic.co.il/ru/categories/,url,url,301
/product_brand/gucci/,https://www.prizma-optic.co.il/ru/categories/,url,url,301
/product_brand/hublot/,https://www.prizma-optic.co.il/ru/categories/,url,url,301
/product_brand/icone/,https://www.prizma-optic.co.il/ru/categories/,url,url,301
/product_brand/jimmy-choo/,https://www.prizma-optic.co.il/ru/categories/,url,url,301
/product_brand/jovani/,https://www.prizma-optic.co.il/ru/categories/,url,url,301
/product_brand/just/,https://www.prizma-optic.co.il/ru/categories/,url,url,301
/product_brand/kenzo/,https://www.prizma-optic.co.il/ru/categories/,url,url,301
/product_brand/kimura/,https://www.prizma-optic.co.il/ru/categories/,url,url,301
/product_brand/kokety/,https://www.prizma-optic.co.il/ru/categories/,url,url,301
/product_brand/kristian-olsen/,https://www.prizma-optic.co.il/ru/categories/,url,url,301
/product_brand/loewe/,https://www.prizma-optic.co.il/ru/categories/,url,url,301
/product_brand/michael-kors/,https://www.prizma-optic.co.il/ru/categories/,url,url,301
/product_brand/milo-me/,https://www.prizma-optic.co.il/ru/categories/,url,url,301
/product_brand/moscot/,https://www.prizma-optic.co.il/ru/categories/,url,url,301
/product_brand/mykita/,https://www.prizma-optic.co.il/ru/categories/,url,url,301
/product_brand/oakley/,https://www.prizma-optic.co.il/ru/categories/,url,url,301
/product_brand/people/,https://www.prizma-optic.co.il/ru/categories/,url,url,301
/product_brand/porsche-design/,https://www.prizma-optic.co.il/ru/categories/,url,url,301
/product_brand/prada/,https://www.prizma-optic.co.il/ru/categories/,url,url,301
/product_brand/ray-ban/,https://www.prizma-optic.co.il/ru/categories/,url,url,301
/product_brand/rimowa/,https://www.prizma-optic.co.il/ru/categories/,url,url,301
/product_brand/rodenstock/,https://www.prizma-optic.co.il/ru/categories/,url,url,301
/product_brand/roller/,https://www.prizma-optic.co.il/ru/categories/,url,url,301
/product_brand/saint-laurent/,https://www.prizma-optic.co.il/ru/categories/,url,url,301
/product_brand/serengeti/,https://www.prizma-optic.co.il/ru/categories/,url,url,301
/product_brand/sferoflex/,https://www.prizma-optic.co.il/ru/categories/,url,url,301
/product_brand/stella-mccartney/,https://www.prizma-optic.co.il/ru/categories/,url,url,301
/product_brand/swarovski/,https://www.prizma-optic.co.il/ru/categories/,url,url,301
/product_brand/treboss/,https://www.prizma-optic.co.il/ru/categories/,url,url,301
/product_brand/valentino/,https://www.prizma-optic.co.il/ru/categories/,url,url,301
/product_brand/versace/,https://www.prizma-optic.co.il/ru/categories/,url,url,301
/product_brand/vogue/,https://www.prizma-optic.co.il/ru/categories/,url,url,301
/product_brand/yohji-yamamoto/,https://www.prizma-optic.co.il/ru/categories/,url,url,301
/product-category/%d1%81%d0%be%d0%bb%d0%bd%d1%86%d0%b5%d0%b7%d0%b0%d1%89%d0%b8%d1%82%d0%bd%d1%8b%d0%b5-%d0%be%d1%87%d0%ba%d0%b8/,https://www.prizma-optic.co.il/ru/categories/,url,url,301
/product-category/%d0%b0%d0%ba%d1%86%d0%b8%d0%b8/,https://www.prizma-optic.co.il/ru/categories/,url,url,301
/product-category/%d0%be%d0%bf%d1%80%d0%b0%d0%b2%d1%8b/%d0%b4%d0%b5%d1%82%d0%b8/,https://www.prizma-optic.co.il/ru/categories/,url,url,301
/product-category/%d0%ba%d0%be%d0%bd%d1%82%d0%b0%d0%ba%d1%82%d0%bd%d1%8b%d0%b5-%d0%bb%d0%b8%d0%bd%d0%b7%d1%8b/,https://www.prizma-optic.co.il/ru/categories/,url,url,301
/product-category/%d0%be%d0%bf%d1%80%d0%b0%d0%b2%d1%8b/,https://www.prizma-optic.co.il/ru/categories/,url,url,301
/product-tag/0001/,https://www.prizma-optic.co.il/ru/products/,url,url,301
/product-tag/103252/,https://www.prizma-optic.co.il/ru/products/,url,url,301
/product-tag/103256/,https://www.prizma-optic.co.il/ru/products/,url,url,301
/product-tag/103950/,https://www.prizma-optic.co.il/ru/products/,url,url,301
/product-tag/103954/,https://www.prizma-optic.co.il/ru/products/,url,url,301
/product-tag/1057/,https://www.prizma-optic.co.il/ru/products/,url,url,301
/product-tag/106254/,https://www.prizma-optic.co.il/ru/products/,url,url,301
/product-tag/106850/,https://www.prizma-optic.co.il/ru/products/,url,url,301
/product-tag/106854/,https://www.prizma-optic.co.il/ru/products/,url,url,301
/product-tag/106952/,https://www.prizma-optic.co.il/ru/products/,url,url,301
/product-tag/1144/,https://www.prizma-optic.co.il/ru/products/,url,url,301
/product-tag/1151/,https://www.prizma-optic.co.il/ru/products/,url,url,301
/product-tag/115152/,https://www.prizma-optic.co.il/ru/products/,url,url,301
/product-tag/1152/,https://www.prizma-optic.co.il/ru/products/,url,url,301
/product-tag/115254/,https://www.prizma-optic.co.il/ru/products/,url,url,301
/product-tag/12098/,https://www.prizma-optic.co.il/ru/products/,url,url,301
/product-tag/1228/,https://www.prizma-optic.co.il/ru/products/,url,url,301
/product-tag/1251/,https://www.prizma-optic.co.il/ru/products/,url,url,301
/product-tag/1262/,https://www.prizma-optic.co.il/ru/products/,url,url,301
/product-tag/1268/,https://www.prizma-optic.co.il/ru/products/,url,url,301
/product-tag/1271/,https://www.prizma-optic.co.il/ru/products/,url,url,301
/product-tag/1272/,https://www.prizma-optic.co.il/ru/products/,url,url,301
/product-tag/1279/,https://www.prizma-optic.co.il/ru/products/,url,url,301
/product-tag/1283/,https://www.prizma-optic.co.il/ru/products/,url,url,301
/product-tag/1285/,https://www.prizma-optic.co.il/ru/products/,url,url,301
/product-tag/129448/,https://www.prizma-optic.co.il/ru/products/,url,url,301
/product-tag/1295/,https://www.prizma-optic.co.il/ru/products/,url,url,301
/product-tag/1303/,https://www.prizma-optic.co.il/ru/products/,url,url,301
/product-tag/132253/,https://www.prizma-optic.co.il/ru/products/,url,url,301
/product-tag/133253/,https://www.prizma-optic.co.il/ru/products/,url,url,301
/product-tag/134854/,https://www.prizma-optic.co.il/ru/products/,url,url,301
/product-tag/148850/,https://www.prizma-optic.co.il/ru/products/,url,url,301
/product-tag/149848/,https://www.prizma-optic.co.il/ru/products/,url,url,301
/product-tag/157448/,https://www.prizma-optic.co.il/ru/products/,url,url,301
/product-tag/18023/,https://www.prizma-optic.co.il/ru/products/,url,url,301
/product-tag/18059/,https://www.prizma-optic.co.il/ru/products/,url,url,301
/product-tag/18060/,https://www.prizma-optic.co.il/ru/products/,url,url,301
/product-tag/18066/,https://www.prizma-optic.co.il/ru/products/,url,url,301
/product-tag/1892/,https://www.prizma-optic.co.il/ru/products/,url,url,301
/product-tag/1911/,https://www.prizma-optic.co.il/ru/products/,url,url,301
/product-tag/1927/,https://www.prizma-optic.co.il/ru/products/,url,url,301
/product-tag/1955/,https://www.prizma-optic.co.il/ru/products/,url,url,301
/product-tag/20003/,https://www.prizma-optic.co.il/ru/products/,url,url,301
/product-tag/2086/,https://www.prizma-optic.co.il/ru/products/,url,url,301
/product-tag/20ag3/,https://www.prizma-optic.co.il/ru/products/,url,url,301
/product-tag/20p2/,https://www.prizma-optic.co.il/ru/products/,url,url,301
/product-tag/2289/,https://www.prizma-optic.co.il/ru/products/,url,url,301
/product-tag/232245/,https://www.prizma-optic.co.il/ru/products/,url,url,301
/product-tag/247448/,https://www.prizma-optic.co.il/ru/products/,url,url,301
/product-tag/249451/,https://www.prizma-optic.co.il/ru/products/,url,url,301
/product-tag/285446/,https://www.prizma-optic.co.il/ru/products/,url,url,301
/product-tag/286147/,https://www.prizma-optic.co.il/ru/products/,url,url,301
/product-tag/286847/,https://www.prizma-optic.co.il/ru/products/,url,url,301
/product-tag/288447/,https://www.prizma-optic.co.il/ru/products/,url,url,301
/product-tag/294251/,https://www.prizma-optic.co.il/ru/products/,url,url,301
/product-tag/2943-sb/,https://www.prizma-optic.co.il/ru/products/,url,url,301
/product-tag/294851/,https://www.prizma-optic.co.il/ru/products/,url,url,301
/product-tag/298148/,https://www.prizma-optic.co.il/ru/products/,url,url,301
/product-tag/298448/,https://www.prizma-optic.co.il/ru/products/,url,url,301
/product-tag/298648/,https://www.prizma-optic.co.il/ru/products/,url,url,301
/product-tag/299050/,https://www.prizma-optic.co.il/ru/products/,url,url,301
/product-tag/299150/,https://www.prizma-optic.co.il/ru/products/,url,url,301
/product-tag/300/,https://www.prizma-optic.co.il/ru/products/,url,url,301
/product-tag/301950/,https://www.prizma-optic.co.il/ru/products/,url,url,301
/product-tag/325649/,https://www.prizma-optic.co.il/ru/products/,url,url,301
/product-tag/3261/,https://www.prizma-optic.co.il/ru/products/,url,url,301
/product-tag/326248/,https://www.prizma-optic.co.il/ru/products/,url,url,301
/product-tag/3272/,https://www.prizma-optic.co.il/ru/products/,url,url,301
/product-tag/3346/,https://www.prizma-optic.co.il/ru/products/,url,url,301
/product-tag/3353/,https://www.prizma-optic.co.il/ru/products/,url,url,301
/product-tag/3359/,https://www.prizma-optic.co.il/ru/products/,url,url,301
/product-tag/350347/,https://www.prizma-optic.co.il/ru/products/,url,url,301
/product-tag/351447/,https://www.prizma-optic.co.il/ru/products/,url,url,301
/product-tag/363147/,https://www.prizma-optic.co.il/ru/products/,url,url,301
/product-tag/366247/,https://www.prizma-optic.co.il/ru/products/,url,url,301
/product-tag/3694/,https://www.prizma-optic.co.il/ru/products/,url,url,301
/product-tag/4295/,https://www.prizma-optic.co.il/ru/products/,url,url,301
/product-tag/4298/,https://www.prizma-optic.co.il/ru/products/,url,url,301
/product-tag/4300/,https://www.prizma-optic.co.il/ru/products/,url,url,301
/product-tag/4312/,https://www.prizma-optic.co.il/ru/products/,url,url,301
/product-tag/4313/,https://www.prizma-optic.co.il/ru/products/,url,url,301
/product-tag/4393/,https://www.prizma-optic.co.il/ru/products/,url,url,301
/product-tag/4431/,https://www.prizma-optic.co.il/ru/products/,url,url,301
/product-tag/4432-u/,https://www.prizma-optic.co.il/ru/products/,url,url,301
/product-tag/4433-u/,https://www.prizma-optic.co.il/ru/products/,url,url,301
/product-tag/4438-b/,https://www.prizma-optic.co.il/ru/products/,url,url,301
/product-tag/446546/,https://www.prizma-optic.co.il/ru/products/,url,url,301
/product-tag/4471-b/,https://www.prizma-optic.co.il/ru/products/,url,url,301
/product-tag/449947/,https://www.prizma-optic.co.il/ru/products/,url,url,301
/product-tag/449948/,https://www.prizma-optic.co.il/ru/products/,url,url,301
/product-tag/451846/,https://www.prizma-optic.co.il/ru/products/,url,url,301
/product-tag/4767347/,https://www.prizma-optic.co.il/ru/products/,url,url,301
/product-tag/4781746/,https://www.prizma-optic.co.il/ru/products/,url,url,301
/product-tag/4787046/,https://www.prizma-optic.co.il/ru/products/,url,url,301
/product-tag/479744/,https://www.prizma-optic.co.il/ru/products/,url,url,301
/product-tag/481043/,https://www.prizma-optic.co.il/ru/products/,url,url,301
/product-tag/4811739/,https://www.prizma-optic.co.il/ru/products/,url,url,301
/product-tag/481247/,https://www.prizma-optic.co.il/ru/products/,url,url,301
/product-tag/4812741/,https://www.prizma-optic.co.il/ru/products/,url,url,301
/product-tag/4813343/,https://www.prizma-optic.co.il/ru/products/,url,url,301
/product-tag/481439/,https://www.prizma-optic.co.il/ru/products/,url,url,301
/product-tag/4814743/,https://www.prizma-optic.co.il/ru/products/,url,url,301
/product-tag/4818021/,https://www.prizma-optic.co.il/ru/products/,url,url,301
/product-tag/4863346/,https://www.prizma-optic.co.il/ru/products/,url,url,301
/product-tag/4871154/,https://www.prizma-optic.co.il/ru/products/,url,url,301
/product-tag/487344/,https://www.prizma-optic.co.il/ru/products/,url,url,301
/product-tag/487444/,https://www.prizma-optic.co.il/ru/products/,url,url,301
/product-tag/4891048/,https://www.prizma-optic.co.il/ru/products/,url,url,301
/product-tag/4891154/,https://www.prizma-optic.co.il/ru/products/,url,url,301
/product-tag/4903545/,https://www.prizma-optic.co.il/ru/products/,url,url,301
/product-tag/4931745/,https://www.prizma-optic.co.il/ru/products/,url,url,301
/product-tag/493745/,https://www.prizma-optic.co.il/ru/products/,url,url,301
/product-tag/4953343/,https://www.prizma-optic.co.il/ru/products/,url,url,301
/product-tag/4971046/,https://www.prizma-optic.co.il/ru/products/,url,url,301
/product-tag/5002/,https://www.prizma-optic.co.il/ru/products/,url,url,301
/product-tag/5238/,https://www.prizma-optic.co.il/ru/products/,url,url,301
/product-tag/5240/,https://www.prizma-optic.co.il/ru/products/,url,url,301
/product-tag/56039/,https://www.prizma-optic.co.il/ru/products/,url,url,301
/product-tag/6114/,https://www.prizma-optic.co.il/ru/products/,url,url,301
/product-tag/6116/,https://www.prizma-optic.co.il/ru/products/,url,url,301
/product-tag/6120/,https://www.prizma-optic.co.il/ru/products/,url,url,301
/product-tag/6123/,https://www.prizma-optic.co.il/ru/products/,url,url,301
/product-tag/6142/,https://www.prizma-optic.co.il/ru/products/,url,url,301
/product-tag/6146/,https://www.prizma-optic.co.il/ru/products/,url,url,301
/product-tag/6152/,https://www.prizma-optic.co.il/ru/products/,url,url,301
/product-tag/6170/,https://www.prizma-optic.co.il/ru/products/,url,url,301
/product-tag/6182/,https://www.prizma-optic.co.il/ru/products/,url,url,301
/product-tag/6185/,https://www.prizma-optic.co.il/ru/products/,url,url,301
/product-tag/6188/,https://www.prizma-optic.co.il/ru/products/,url,url,301
/product-tag/6193/,https://www.prizma-optic.co.il/ru/products/,url,url,301
/product-tag/6196/,https://www.prizma-optic.co.il/ru/products/,url,url,301
/product-tag/625849/,https://www.prizma-optic.co.il/ru/products/,url,url,301
/product-tag/63005/,https://www.prizma-optic.co.il/ru/products/,url,url,301
/product-tag/63015/,https://www.prizma-optic.co.il/ru/products/,url,url,301
/product-tag/65/,https://www.prizma-optic.co.il/ru/products/,url,url,301
/product-tag/665/,https://www.prizma-optic.co.il/ru/products/,url,url,301
/product-tag/69795/,https://www.prizma-optic.co.il/ru/products/,url,url,301
/product-tag/7068/,https://www.prizma-optic.co.il/ru/products/,url,url,301
/product-tag/7098/,https://www.prizma-optic.co.il/ru/products/,url,url,301
/product-tag/7104/,https://www.prizma-optic.co.il/ru/products/,url,url,301
/product-tag/7106/,https://www.prizma-optic.co.il/ru/products/,url,url,301
/product-tag/7108/,https://www.prizma-optic.co.il/ru/products/,url,url,301
/product-tag/7152/,https://www.prizma-optic.co.il/ru/products/,url,url,301
/product-tag/7501251/,https://www.prizma-optic.co.il/ru/products/,url,url,301
/product-tag/7501951/,https://www.prizma-optic.co.il/ru/products/,url,url,301
/product-tag/7511952/,https://www.prizma-optic.co.il/ru/products/,url,url,301
/product-tag/7518352/,https://www.prizma-optic.co.il/ru/products/,url,url,301
/product-tag/7521351/,https://www.prizma-optic.co.il/ru/products/,url,url,301
/product-tag/7525351/,https://www.prizma-optic.co.il/ru/products/,url,url,301
/product-tag/756-3/,https://www.prizma-optic.co.il/ru/products/,url,url,301
/product-tag/757-3/,https://www.prizma-optic.co.il/ru/products/,url,url,301
/product-tag/8045/,https://www.prizma-optic.co.il/ru/products/,url,url,301
/product-tag/8223/,https://www.prizma-optic.co.il/ru/products/,url,url,301
/product-tag/8757/,https://www.prizma-optic.co.il/ru/products/,url,url,301
/product-tag/9106/,https://www.prizma-optic.co.il/ru/products/,url,url,301
/product-tag/9109/,https://www.prizma-optic.co.il/ru/products/,url,url,301
/product-tag/9111/,https://www.prizma-optic.co.il/ru/products/,url,url,301
/product-tag/919/,https://www.prizma-optic.co.il/ru/products/,url,url,301
/product-tag/94120/,https://www.prizma-optic.co.il/ru/products/,url,url,301
/product-tag/9502/,https://www.prizma-optic.co.il/ru/products/,url,url,301
/product-tag/9737/,https://www.prizma-optic.co.il/ru/products/,url,url,301
/product-tag/a007/,https://www.prizma-optic.co.il/ru/products/,url,url,301
/product-tag/adriano/,https://www.prizma-optic.co.il/ru/products/,url,url,301
/product-tag/ah5059/,https://www.prizma-optic.co.il/ru/products/,url,url,301
/product-tag/ah5080/,https://www.prizma-optic.co.il/ru/products/,url,url,301
/product-tag/alex/,https://www.prizma-optic.co.il/ru/products/,url,url,301
/product-tag/amethyst/,https://www.prizma-optic.co.il/ru/products/,url,url,301
/product-tag/an4240/,https://www.prizma-optic.co.il/ru/products/,url,url,301
/product-tag/an4298/,https://www.prizma-optic.co.il/ru/products/,url,url,301
/product-tag/anvers-p-20/,https://www.prizma-optic.co.il/ru/products/,url,url,301
/product-tag/ax-4086s/,https://www.prizma-optic.co.il/ru/products/,url,url,301
/product-tag/ax2039s/,https://www.prizma-optic.co.il/ru/products/,url,url,301
/product-tag/b1376/,https://www.prizma-optic.co.il/ru/products/,url,url,301
/product-tag/b1377/,https://www.prizma-optic.co.il/ru/products/,url,url,301
/product-tag/b1381/,https://www.prizma-optic.co.il/ru/products/,url,url,301
/product-tag/b2363/,https://www.prizma-optic.co.il/ru/products/,url,url,301
/product-tag/b2365/,https://www.prizma-optic.co.il/ru/products/,url,url,301
/product-tag/b2379-u/,https://www.prizma-optic.co.il/ru/products/,url,url,301
/product-tag/b4291/,https://www.prizma-optic.co.il/ru/products/,url,url,301
/product-tag/b4360/,https://www.prizma-optic.co.il/ru/products/,url,url,301
/product-tag/b4373-u/,https://www.prizma-optic.co.il/ru/products/,url,url,301
/product-tag/baviera/,https://www.prizma-optic.co.il/ru/products/,url,url,301
/product-tag/bb-0104-o/,https://www.prizma-optic.co.il/ru/products/,url,url,301
/product-tag/bb-0105-o/,https://www.prizma-optic.co.il/ru/products/,url,url,301
/product-tag/bb-0128-o/,https://www.prizma-optic.co.il/ru/products/,url,url,301
/product-tag/bb-0171-o/,https://www.prizma-optic.co.il/ru/products/,url,url,301
/product-tag/bb-0185-o/,https://www.prizma-optic.co.il/ru/products/,url,url,301
/product-tag/bb-0242-o/,https://www.prizma-optic.co.il/ru/products/,url,url,301
/product-tag/bb-090-o/,https://www.prizma-optic.co.il/ru/products/,url,url,301
/product-tag/bb0065o/,https://www.prizma-optic.co.il/ru/products/,url,url,301
/product-tag/bb0095s/,https://www.prizma-optic.co.il/ru/products/,url,url,301
/product-tag/bb0128o/,https://www.prizma-optic.co.il/ru/products/,url,url,301
/product-tag/bb0162s/,https://www.prizma-optic.co.il/ru/products/,url,url,301
/product-tag/bb0172o/,https://www.prizma-optic.co.il/ru/products/,url,url,301
/product-tag/bb0186o/,https://www.prizma-optic.co.il/ru/products/,url,url,301
/product-tag/bb0242o/,https://www.prizma-optic.co.il/ru/products/,url,url,301
/product-tag/bb0275o/,https://www.prizma-optic.co.il/ru/products/,url,url,301
/product-tag/bb0278s/,https://www.prizma-optic.co.il/ru/products/,url,url,301
/product-tag/bc0045s/,https://www.prizma-optic.co.il/ru/products/,url,url,301
/product-tag/bc0053s/,https://www.prizma-optic.co.il/ru/products/,url,url,301
/product-tag/billie/,https://www.prizma-optic.co.il/ru/products/,url,url,301
/product-tag/billik/,https://www.prizma-optic.co.il/ru/products/,url,url,301
/product-tag/bonnie/,https://www.prizma-optic.co.il/ru/products/,url,url,301
/product-tag/bs004002/,https://www.prizma-optic.co.il/ru/products/,url,url,301
/product-tag/bs030006/,https://www.prizma-optic.co.il/ru/products/,url,url,301
/product-tag/bs032004/,https://www.prizma-optic.co.il/ru/products/,url,url,301
/product-tag/bs043001/,https://www.prizma-optic.co.il/ru/products/,url,url,301
/product-tag/bys793/,https://www.prizma-optic.co.il/ru/products/,url,url,301
/product-tag/c002/,https://www.prizma-optic.co.il/ru/products/,url,url,301
/product-tag/c004/,https://www.prizma-optic.co.il/ru/products/,url,url,301
/product-tag/capri/,https://www.prizma-optic.co.il/ru/products/,url,url,301
/product-tag/carpi/,https://www.prizma-optic.co.il/ru/products/,url,url,301
/product-tag/carroll/,https://www.prizma-optic.co.il/ru/products/,url,url,301
/product-tag/carvinia/,https://www.prizma-optic.co.il/ru/products/,url,url,301
/product-tag/catstyledior1/,https://www.prizma-optic.co.il/ru/products/,url,url,301
/product-tag/cd-diamondr1i/,https://www.prizma-optic.co.il/ru/products/,url,url,301
/product-tag/cd-diamonds1i/,https://www.prizma-optic.co.il/ru/products/,url,url,301
/product-tag/cd-su/,https://www.prizma-optic.co.il/ru/products/,url,url,301
/product-tag/cdlinkn1u/,https://www.prizma-optic.co.il/ru/products/,url,url,301
/product-tag/ciara-g-s/,https://www.prizma-optic.co.il/ru/products/,url,url,301
/product-tag/cj1410/,https://www.prizma-optic.co.il/ru/products/,url,url,301
/product-tag/cj1416/,https://www.prizma-optic.co.il/ru/products/,url,url,301
/product-tag/cj1420/,https://www.prizma-optic.co.il/ru/products/,url,url,301
/product-tag/cj1450/,https://www.prizma-optic.co.il/ru/products/,url,url,301
/product-tag/cl40053i/,https://www.prizma-optic.co.il/ru/products/,url,url,301
/product-tag/cl40095u/,https://www.prizma-optic.co.il/ru/products/,url,url,301
/product-tag/cl40108i/,https://www.prizma-optic.co.il/ru/products/,url,url,301
/product-tag/cl40157u/,https://www.prizma-optic.co.il/ru/products/,url,url,301
/product-tag/cl40188i/,https://www.prizma-optic.co.il/ru/products/,url,url,301
/product-tag/cl40192i/,https://www.prizma-optic.co.il/ru/products/,url,url,301
/product-tag/cl40199i/,https://www.prizma-optic.co.il/ru/products/,url,url,301
/product-tag/cl40208u/,https://www.prizma-optic.co.il/ru/products/,url,url,301
/product-tag/cl40212u/,https://www.prizma-optic.co.il/ru/products/,url,url,301
/product-tag/cs4757/,https://www.prizma-optic.co.il/ru/products/,url,url,301
/product-tag/cs4912/,https://www.prizma-optic.co.il/ru/products/,url,url,301
/product-tag/cs4975/,https://www.prizma-optic.co.il/ru/products/,url,url,301
/product-tag/cs5024/,https://www.prizma-optic.co.il/ru/products/,url,url,301
/product-tag/cs5058/,https://www.prizma-optic.co.il/ru/products/,url,url,301
/product-tag/cs5064/,https://www.prizma-optic.co.il/ru/products/,url,url,301
/product-tag/cs5186/,https://www.prizma-optic.co.il/ru/products/,url,url,301
/product-tag/cs5204/,https://www.prizma-optic.co.il/ru/products/,url,url,301
/product-tag/decadessun-gisselle/,https://www.prizma-optic.co.il/ru/products/,url,url,301
/product-tag/delio/,https://www.prizma-optic.co.il/ru/products/,url,url,301
/product-tag/dg1339/,https://www.prizma-optic.co.il/ru/products/,url,url,301
/product-tag/dg2276/,https://www.prizma-optic.co.il/ru/products/,url,url,301
/product-tag/dg2288/,https://www.prizma-optic.co.il/ru/products/,url,url,301
/product-tag/dg2294/,https://www.prizma-optic.co.il/ru/products/,url,url,301
/product-tag/dg2306/,https://www.prizma-optic.co.il/ru/products/,url,url,301
/product-tag/dg3320/,https://www.prizma-optic.co.il/ru/products/,url,url,301
/product-tag/dg3325/,https://www.prizma-optic.co.il/ru/products/,url,url,301
/product-tag/dg3355/,https://www.prizma-optic.co.il/ru/products/,url,url,301
/product-tag/dg3363/,https://www.prizma-optic.co.il/ru/products/,url,url,301
/product-tag/dg4338/,https://www.prizma-optic.co.il/ru/products/,url,url,301
/product-tag/dg4358/,https://www.prizma-optic.co.il/ru/products/,url,url,301
/product-tag/dg4411/,https://www.prizma-optic.co.il/ru/products/,url,url,301
/product-tag/dg4413/,https://www.prizma-optic.co.il/ru/products/,url,url,301
/product-tag/dg4417/,https://www.prizma-optic.co.il/ru/products/,url,url,301
/product-tag/dg5050/,https://www.prizma-optic.co.il/ru/products/,url,url,301
/product-tag/dg5058/,https://www.prizma-optic.co.il/ru/products/,url,url,301
/product-tag/dg5080/,https://www.prizma-optic.co.il/ru/products/,url,url,301
/product-tag/dg5084/,https://www.prizma-optic.co.il/ru/products/,url,url,301
/product-tag/dg5087/,https://www.prizma-optic.co.il/ru/products/,url,url,301
/product-tag/dg5567-b/,https://www.prizma-optic.co.il/ru/products/,url,url,301
/product-tag/dg6187/,https://www.prizma-optic.co.il/ru/products/,url,url,301
/product-tag/dior0209s/,https://www.prizma-optic.co.il/ru/products/,url,url,301
/product-tag/dior0210s/,https://www.prizma-optic.co.il/ru/products/,url,url,301
/product-tag/dior90s1u/,https://www.prizma-optic.co.il/ru/products/,url,url,301
/product-tag/diorblacksuit-r2i/,https://www.prizma-optic.co.il/ru/products/,url,url,301
/product-tag/diorblacksuit-s2u/,https://www.prizma-optic.co.il/ru/products/,url,url,301
/product-tag/diorblacksuit-s3i/,https://www.prizma-optic.co.il/ru/products/,url,url,301
/product-tag/diorblacksuit-s4i/,https://www.prizma-optic.co.il/ru/products/,url,url,301
/product-tag/diorbobby/,https://www.prizma-optic.co.il/ru/products/,url,url,301
/product-tag/diorchroma1/,https://www.prizma-optic.co.il/ru/products/,url,url,301
/product-tag/diorclan1/,https://www.prizma-optic.co.il/ru/products/,url,url,301
/product-tag/diorclubm1u/,https://www.prizma-optic.co.il/ru/products/,url,url,301
/product-tag/diorclubm3u/,https://www.prizma-optic.co.il/ru/products/,url,url,301
/product-tag/dioressentialru/,https://www.prizma-optic.co.il/ru/products/,url,url,301
/product-tag/diorhypnotic2/,https://www.prizma-optic.co.il/ru/products/,url,url,301
/product-tag/diorinclusion/,https://www.prizma-optic.co.il/ru/products/,url,url,301
/product-tag/diormidnightb1i/,https://www.prizma-optic.co.il/ru/products/,url,url,301
/product-tag/diorpacific-s1u/,https://www.prizma-optic.co.il/ru/products/,url,url,301
/product-tag/diorpressure/,https://www.prizma-optic.co.il/ru/products/,url,url,301
/product-tag/diorsideral1/,https://www.prizma-optic.co.il/ru/products/,url,url,301
/product-tag/diorsignature-s2u/,https://www.prizma-optic.co.il/ru/products/,url,url,301
/product-tag/diorsignature-s7f/,https://www.prizma-optic.co.il/ru/products/,url,url,301
/product-tag/diorsignatureb1u/,https://www.prizma-optic.co.il/ru/products/,url,url,301
/product-tag/diorsignatureo-b2i/,https://www.prizma-optic.co.il/ru/products/,url,url,301
/product-tag/diorsignatureo-bi/,https://www.prizma-optic.co.il/ru/products/,url,url,301
/product-tag/diorsprito-ri/,https://www.prizma-optic.co.il/ru/products/,url,url,301
/product-tag/diorstellairebu/,https://www.prizma-optic.co.il/ru/products/,url,url,301
/product-tag/diorstonger/,https://www.prizma-optic.co.il/ru/products/,url,url,301
/product-tag/ds1440/,https://www.prizma-optic.co.il/ru/products/,url,url,301
/product-tag/ds1441/,https://www.prizma-optic.co.il/ru/products/,url,url,301
/product-tag/ea1052/,https://www.prizma-optic.co.il/ru/products/,url,url,301
/product-tag/ea1059/,https://www.prizma-optic.co.il/ru/products/,url,url,301
/product-tag/ea1086/,https://www.prizma-optic.co.il/ru/products/,url,url,301
/product-tag/ea1105/,https://www.prizma-optic.co.il/ru/products/,url,url,301
/product-tag/ea1108/,https://www.prizma-optic.co.il/ru/products/,url,url,301
/product-tag/ea1149/,https://www.prizma-optic.co.il/ru/products/,url,url,301
/product-tag/ea2144/,https://www.prizma-optic.co.il/ru/products/,url,url,301
/product-tag/ea3038/,https://www.prizma-optic.co.il/ru/products/,url,url,301
/product-tag/ea3069/,https://www.prizma-optic.co.il/ru/products/,url,url,301
/product-tag/ea3147/,https://www.prizma-optic.co.il/ru/products/,url,url,301
/product-tag/ea3162/,https://www.prizma-optic.co.il/ru/products/,url,url,301
/product-tag/ea3211/,https://www.prizma-optic.co.il/ru/products/,url,url,301
/product-tag/ea4101/,https://www.prizma-optic.co.il/ru/products/,url,url,301
/product-tag/ea4115/,https://www.prizma-optic.co.il/ru/products/,url,url,301
/product-tag/ea4160/,https://www.prizma-optic.co.il/ru/products/,url,url,301
/product-tag/ea4211/,https://www.prizma-optic.co.il/ru/products/,url,url,301
/product-tag/ek1001/,https://www.prizma-optic.co.il/ru/products/,url,url,301
/product-tag/ek3001/,https://www.prizma-optic.co.il/ru/products/,url,url,301
/product-tag/ek3003/,https://www.prizma-optic.co.il/ru/products/,url,url,301
/product-tag/ek3006/,https://www.prizma-optic.co.il/ru/products/,url,url,301
/product-tag/ek3203/,https://www.prizma-optic.co.il/ru/products/,url,url,301
/product-tag/elia/,https://www.prizma-optic.co.il/ru/products/,url,url,301
/product-tag/elisabeth/,https://www.prizma-optic.co.il/ru/products/,url,url,301
/product-tag/ethan/,https://www.prizma-optic.co.il/ru/products/,url,url,301
/product-tag/etosha/,https://www.prizma-optic.co.il/ru/products/,url,url,301
/product-tag/etqsha/,https://www.prizma-optic.co.il/ru/products/,url,url,301
/product-tag/fanagle/,https://www.prizma-optic.co.il/ru/products/,url,url,301
/product-tag/fd04-08/,https://www.prizma-optic.co.il/ru/products/,url,url,301
/product-tag/fe0130/,https://www.prizma-optic.co.il/ru/products/,url,url,301
/product-tag/fe0323-s/,https://www.prizma-optic.co.il/ru/products/,url,url,301
/product-tag/fe40004u/,https://www.prizma-optic.co.il/ru/products/,url,url,301
/product-tag/fe40006u/,https://www.prizma-optic.co.il/ru/products/,url,url,301
/product-tag/fe40007i/,https://www.prizma-optic.co.il/ru/products/,url,url,301
/product-tag/fe40012u/,https://www.prizma-optic.co.il/ru/products/,url,url,301
/product-tag/fe40033u/,https://www.prizma-optic.co.il/ru/products/,url,url,301
/product-tag/fe40035i/,https://www.prizma-optic.co.il/ru/products/,url,url,301
/product-tag/fe50007u/,https://www.prizma-optic.co.il/ru/products/,url,url,301
/product-tag/fe50009u/,https://www.prizma-optic.co.il/ru/products/,url,url,301
/product-tag/fe50012u/,https://www.prizma-optic.co.il/ru/products/,url,url,301
/product-tag/fe50021u/,https://www.prizma-optic.co.il/ru/products/,url,url,301
/product-tag/fe50038i/,https://www.prizma-optic.co.il/ru/products/,url,url,301
/product-tag/fe50048i/,https://www.prizma-optic.co.il/ru/products/,url,url,301
/product-tag/ff-0329/,https://www.prizma-optic.co.il/ru/products/,url,url,301
/product-tag/ff-0333/,https://www.prizma-optic.co.il/ru/products/,url,url,301
/product-tag/ff0221-s/,https://www.prizma-optic.co.il/ru/products/,url,url,301
/product-tag/ff0263-s/,https://www.prizma-optic.co.il/ru/products/,url,url,301
/product-tag/ff0343-s/,https://www.prizma-optic.co.il/ru/products/,url,url,301
/product-tag/ff0384-s/,https://www.prizma-optic.co.il/ru/products/,url,url,301
/product-tag/ff0401-s/,https://www.prizma-optic.co.il/ru/products/,url,url,301
/product-tag/ffm0012-s/,https://www.prizma-optic.co.il/ru/products/,url,url,301
/product-tag/ffm0025-s/,https://www.prizma-optic.co.il/ru/products/,url,url,301
/product-tag/ffm0042-s/,https://www.prizma-optic.co.il/ru/products/,url,url,301
/product-tag/fg40001u/,https://www.prizma-optic.co.il/ru/products/,url,url,301
/product-tag/fg40003u/,https://www.prizma-optic.co.il/ru/products/,url,url,301
/product-tag/fg40044/,https://www.prizma-optic.co.il/ru/products/,url,url,301
/product-tag/fg40047u/,https://www.prizma-optic.co.il/ru/products/,url,url,301
/product-tag/fg50002u/,https://www.prizma-optic.co.il/ru/products/,url,url,301
/product-tag/fg50013u/,https://www.prizma-optic.co.il/ru/products/,url,url,301
/product-tag/fg50017u/,https://www.prizma-optic.co.il/ru/products/,url,url,301
/product-tag/fg50027u/,https://www.prizma-optic.co.il/ru/products/,url,url,301
/product-tag/fg50030u/,https://www.prizma-optic.co.il/ru/products/,url,url,301
/product-tag/fg50043u/,https://www.prizma-optic.co.il/ru/products/,url,url,301
/product-tag/fk-355/,https://www.prizma-optic.co.il/ru/products/,url,url,301
/product-tag/frankie/,https://www.prizma-optic.co.il/ru/products/,url,url,301
/product-tag/franny-s/,https://www.prizma-optic.co.il/ru/products/,url,url,301
/product-tag/gemdioro-ru/,https://www.prizma-optic.co.il/ru/products/,url,url,301
/product-tag/genug/,https://www.prizma-optic.co.il/ru/products/,url,url,301
/product-tag/gerhard/,https://www.prizma-optic.co.il/ru/products/,url,url,301
/product-tag/gg0025o/,https://www.prizma-optic.co.il/ru/products/,url,url,301
/product-tag/gg0184o/,https://www.prizma-optic.co.il/ru/products/,url,url,301
/product-tag/gg0202o/,https://www.prizma-optic.co.il/ru/products/,url,url,301
/product-tag/gg0516s/,https://www.prizma-optic.co.il/ru/products/,url,url,301
/product-tag/gg0634o/,https://www.prizma-optic.co.il/ru/products/,url,url,301
/product-tag/gg0669s/,https://www.prizma-optic.co.il/ru/products/,url,url,301
/product-tag/gg0737o/,https://www.prizma-optic.co.il/ru/products/,url,url,301
/product-tag/gg0803s/,https://www.prizma-optic.co.il/ru/products/,url,url,301
/product-tag/gg0825s/,https://www.prizma-optic.co.il/ru/products/,url,url,301
/product-tag/gg0889s/,https://www.prizma-optic.co.il/ru/products/,url,url,301
/product-tag/gg0890s/,https://www.prizma-optic.co.il/ru/products/,url,url,301
/product-tag/gg0941s/,https://www.prizma-optic.co.il/ru/products/,url,url,301
/product-tag/gg0958o/,https://www.prizma-optic.co.il/ru/products/,url,url,301
/product-tag/gg0967o/,https://www.prizma-optic.co.il/ru/products/,url,url,301
/product-tag/gg0968o/,https://www.prizma-optic.co.il/ru/products/,url,url,301
/product-tag/gg0976s/,https://www.prizma-optic.co.il/ru/products/,url,url,301
/product-tag/gg0991s/,https://www.prizma-optic.co.il/ru/products/,url,url,301
/product-tag/gg10079o/,https://www.prizma-optic.co.il/ru/products/,url,url,301
/product-tag/gg1025o/,https://www.prizma-optic.co.il/ru/products/,url,url,301
/product-tag/gg1033s/,https://www.prizma-optic.co.il/ru/products/,url,url,301
/product-tag/gg1039s/,https://www.prizma-optic.co.il/ru/products/,url,url,301
/product-tag/gg10922oa/,https://www.prizma-optic.co.il/ru/products/,url,url,301
/product-tag/gg1133s/,https://www.prizma-optic.co.il/ru/products/,url,url,301
/product-tag/gg1145o/,https://www.prizma-optic.co.il/ru/products/,url,url,301
/product-tag/gg1147s/,https://www.prizma-optic.co.il/ru/products/,url,url,301
/product-tag/gg1150o/,https://www.prizma-optic.co.il/ru/products/,url,url,301
/product-tag/gg1160o/,https://www.prizma-optic.co.il/ru/products/,url,url,301
/product-tag/gg1208o/,https://www.prizma-optic.co.il/ru/products/,url,url,301
/product-tag/gg1313o/,https://www.prizma-optic.co.il/ru/products/,url,url,301
/product-tag/glamour3/,https://www.prizma-optic.co.il/ru/products/,url,url,301
/product-tag/glamour8/,https://www.prizma-optic.co.il/ru/products/,url,url,301
/product-tag/gys968/,https://www.prizma-optic.co.il/ru/products/,url,url,301
/product-tag/gyv-426/,https://www.prizma-optic.co.il/ru/products/,url,url,301
/product-tag/gyv-428/,https://www.prizma-optic.co.il/ru/products/,url,url,301
/product-tag/gyv-435/,https://www.prizma-optic.co.il/ru/products/,url,url,301
/product-tag/gyv-678/,https://www.prizma-optic.co.il/ru/products/,url,url,301
/product-tag/gyv-679/,https://www.prizma-optic.co.il/ru/products/,url,url,301
/product-tag/gyv-726/,https://www.prizma-optic.co.il/ru/products/,url,url,301
/product-tag/gyv-743/,https://www.prizma-optic.co.il/ru/products/,url,url,301
/product-tag/gyv-788/,https://www.prizma-optic.co.il/ru/products/,url,url,301
/product-tag/gyv-791/,https://www.prizma-optic.co.il/ru/products/,url,url,301
/product-tag/h006/,https://www.prizma-optic.co.il/ru/products/,url,url,301
/product-tag/h013/,https://www.prizma-optic.co.il/ru/products/,url,url,301
/product-tag/h015/,https://www.prizma-optic.co.il/ru/products/,url,url,301
/product-tag/h018/,https://www.prizma-optic.co.il/ru/products/,url,url,301
/product-tag/h019/,https://www.prizma-optic.co.il/ru/products/,url,url,301
/product-tag/h020/,https://www.prizma-optic.co.il/ru/products/,url,url,301
/product-tag/h037/,https://www.prizma-optic.co.il/ru/products/,url,url,301
/product-tag/h046/,https://www.prizma-optic.co.il/ru/products/,url,url,301
/product-tag/h057/,https://www.prizma-optic.co.il/ru/products/,url,url,301
/product-tag/h70668/,https://www.prizma-optic.co.il/ru/products/,url,url,301
/product-tag/ha08-20/,https://www.prizma-optic.co.il/ru/products/,url,url,301
/product-tag/habsburgo/,https://www.prizma-optic.co.il/ru/products/,url,url,301
/product-tag/hannah-bay/,https://www.prizma-optic.co.il/ru/products/,url,url,301
/product-tag/hb05-12/,https://www.prizma-optic.co.il/ru/products/,url,url,301
/product-tag/hb07-14/,https://www.prizma-optic.co.il/ru/products/,url,url,301
/product-tag/hc08-15/,https://www.prizma-optic.co.il/ru/products/,url,url,301
/product-tag/ho210-120/,https://www.prizma-optic.co.il/ru/products/,url,url,301
/product-tag/ho220-075/,https://www.prizma-optic.co.il/ru/products/,url,url,301
/product-tag/hq07-28/,https://www.prizma-optic.co.il/ru/products/,url,url,301
/product-tag/hs03-10/,https://www.prizma-optic.co.il/ru/products/,url,url,301
/product-tag/hs05-17/,https://www.prizma-optic.co.il/ru/products/,url,url,301
/product-tag/hz15-58/,https://www.prizma-optic.co.il/ru/products/,url,url,301
/product-tag/j-ch1013/,https://www.prizma-optic.co.il/ru/products/,url,url,301
/product-tag/j-ch1025/,https://www.prizma-optic.co.il/ru/products/,url,url,301
/product-tag/j-ch1052/,https://www.prizma-optic.co.il/ru/products/,url,url,301
/product-tag/j-ch1055/,https://www.prizma-optic.co.il/ru/products/,url,url,301
/product-tag/j-ch1062/,https://www.prizma-optic.co.il/ru/products/,url,url,301
/product-tag/j-ch1072/,https://www.prizma-optic.co.il/ru/products/,url,url,301
/product-tag/j-ch1078/,https://www.prizma-optic.co.il/ru/products/,url,url,301
/product-tag/j-ch1080/,https://www.prizma-optic.co.il/ru/products/,url,url,301
/product-tag/j-ch1082/,https://www.prizma-optic.co.il/ru/products/,url,url,301
/product-tag/j-ch1083/,https://www.prizma-optic.co.il/ru/products/,url,url,301
/product-tag/j-ch1085/,https://www.prizma-optic.co.il/ru/products/,url,url,301
/product-tag/j-ch1086/,https://www.prizma-optic.co.il/ru/products/,url,url,301
/product-tag/j-ch1087/,https://www.prizma-optic.co.il/ru/products/,url,url,301
/product-tag/j-ch1088/,https://www.prizma-optic.co.il/ru/products/,url,url,301
/product-tag/j36/,https://www.prizma-optic.co.il/ru/products/,url,url,301
/product-tag/jani/,https://www.prizma-optic.co.il/ru/products/,url,url,301
/product-tag/jc210-f/,https://www.prizma-optic.co.il/ru/products/,url,url,301
/product-tag/jc229/,https://www.prizma-optic.co.il/ru/products/,url,url,301
/product-tag/jc249/,https://www.prizma-optic.co.il/ru/products/,url,url,301
/product-tag/jc257/,https://www.prizma-optic.co.il/ru/products/,url,url,301
/product-tag/jesper/,https://www.prizma-optic.co.il/ru/products/,url,url,301
/product-tag/k1090-d/,https://www.prizma-optic.co.il/ru/products/,url,url,301
/product-tag/k1269/,https://www.prizma-optic.co.il/ru/products/,url,url,301
/product-tag/k1345/,https://www.prizma-optic.co.il/ru/products/,url,url,301
/product-tag/k1413/,https://www.prizma-optic.co.il/ru/products/,url,url,301
/product-tag/k949/,https://www.prizma-optic.co.il/ru/products/,url,url,301
/product-tag/k995/,https://www.prizma-optic.co.il/ru/products/,url,url,301
/product-tag/k996/,https://www.prizma-optic.co.il/ru/products/,url,url,301
/product-tag/karsten/,https://www.prizma-optic.co.il/ru/products/,url,url,301
/product-tag/kash/,https://www.prizma-optic.co.il/ru/products/,url,url,301
/product-tag/kf-040/,https://www.prizma-optic.co.il/ru/products/,url,url,301
/product-tag/kf-070/,https://www.prizma-optic.co.il/ru/products/,url,url,301
/product-tag/kf-111/,https://www.prizma-optic.co.il/ru/products/,url,url,301
/product-tag/kf-114/,https://www.prizma-optic.co.il/ru/products/,url,url,301
/product-tag/kf-196/,https://www.prizma-optic.co.il/ru/products/,url,url,301
/product-tag/kf-250/,https://www.prizma-optic.co.il/ru/products/,url,url,301
/product-tag/kf-284/,https://www.prizma-optic.co.il/ru/products/,url,url,301
/product-tag/kf-318/,https://www.prizma-optic.co.il/ru/products/,url,url,301
/product-tag/kf229/,https://www.prizma-optic.co.il/ru/products/,url,url,301
/product-tag/kf231/,https://www.prizma-optic.co.il/ru/products/,url,url,301
/product-tag/kf322/,https://www.prizma-optic.co.il/ru/products/,url,url,301
/product-tag/kf347/,https://www.prizma-optic.co.il/ru/products/,url,url,301
/product-tag/kf357/,https://www.prizma-optic.co.il/ru/products/,url,url,301
/product-tag/kf363/,https://www.prizma-optic.co.il/ru/products/,url,url,301
/product-tag/kf366/,https://www.prizma-optic.co.il/ru/products/,url,url,301
/product-tag/kz40008i/,https://www.prizma-optic.co.il/ru/products/,url,url,301
/product-tag/kz40022i/,https://www.prizma-optic.co.il/ru/products/,url,url,301
/product-tag/kz40067i/,https://www.prizma-optic.co.il/ru/products/,url,url,301
/product-tag/kz40140f/,https://www.prizma-optic.co.il/ru/products/,url,url,301
/product-tag/lemtosh/,https://www.prizma-optic.co.il/ru/products/,url,url,301
/product-tag/lenwood/,https://www.prizma-optic.co.il/ru/products/,url,url,301
/product-tag/leo/,https://www.prizma-optic.co.il/ru/products/,url,url,301
/product-tag/lessrim-jun/,https://www.prizma-optic.co.il/ru/products/,url,url,301
/product-tag/lessrim-tomi/,https://www.prizma-optic.co.il/ru/products/,url,url,301
/product-tag/light-claas/,https://www.prizma-optic.co.il/ru/products/,url,url,301
/product-tag/light-eri/,https://www.prizma-optic.co.il/ru/products/,url,url,301
/product-tag/litesun-eri/,https://www.prizma-optic.co.il/ru/products/,url,url,301
/product-tag/lw40051i/,https://www.prizma-optic.co.il/ru/products/,url,url,301
/product-tag/lw40069u/,https://www.prizma-optic.co.il/ru/products/,url,url,301
/product-tag/lw40072u/,https://www.prizma-optic.co.il/ru/products/,url,url,301
/product-tag/m002/,https://www.prizma-optic.co.il/ru/products/,url,url,301
/product-tag/m006/,https://www.prizma-optic.co.il/ru/products/,url,url,301
/product-tag/mayela-s/,https://www.prizma-optic.co.il/ru/products/,url,url,301
/product-tag/mb-01-04/,https://www.prizma-optic.co.il/ru/products/,url,url,301
/product-tag/mb02-05/,https://www.prizma-optic.co.il/ru/products/,url,url,301
/product-tag/mb04-03/,https://www.prizma-optic.co.il/ru/products/,url,url,301
/product-tag/mb05-07/,https://www.prizma-optic.co.il/ru/products/,url,url,301
/product-tag/mf06-12/,https://www.prizma-optic.co.il/ru/products/,url,url,301
/product-tag/michele/,https://www.prizma-optic.co.il/ru/products/,url,url,301
/product-tag/miltzen/,https://www.prizma-optic.co.il/ru/products/,url,url,301
/product-tag/mitzen/,https://www.prizma-optic.co.il/ru/products/,url,url,301
/product-tag/mk1096/,https://www.prizma-optic.co.il/ru/products/,url,url,301
/product-tag/mk110b/,https://www.prizma-optic.co.il/ru/products/,url,url,301
/product-tag/mk2154/,https://www.prizma-optic.co.il/ru/products/,url,url,301
/product-tag/momza/,https://www.prizma-optic.co.il/ru/products/,url,url,301
/product-tag/montijo/,https://www.prizma-optic.co.il/ru/products/,url,url,301
/product-tag/mx03-04/,https://www.prizma-optic.co.il/ru/products/,url,url,301
/product-tag/mx04-13/,https://www.prizma-optic.co.il/ru/products/,url,url,301
/product-tag/mydioro3/,https://www.prizma-optic.co.il/ru/products/,url,url,301
/product-tag/no1sun-turner/,https://www.prizma-optic.co.il/ru/products/,url,url,301
/product-tag/no1sun-zane/,https://www.prizma-optic.co.il/ru/products/,url,url,301
/product-tag/noah/,https://www.prizma-optic.co.il/ru/products/,url,url,301
/product-tag/oo9018/,https://www.prizma-optic.co.il/ru/products/,url,url,301
/product-tag/oo9102/,https://www.prizma-optic.co.il/ru/products/,url,url,301
/product-tag/oo9154/,https://www.prizma-optic.co.il/ru/products/,url,url,301
/product-tag/oo9343/,https://www.prizma-optic.co.il/ru/products/,url,url,301
/product-tag/oo9448/,https://www.prizma-optic.co.il/ru/products/,url,url,301
/product-tag/oo9449/,https://www.prizma-optic.co.il/ru/products/,url,url,301
/product-tag/oo9469/,https://www.prizma-optic.co.il/ru/products/,url,url,301
/product-tag/oo9471/,https://www.prizma-optic.co.il/ru/products/,url,url,301
/product-tag/ox3128/,https://www.prizma-optic.co.il/ru/products/,url,url,301
/product-tag/ox3217/,https://www.prizma-optic.co.il/ru/products/,url,url,301
/product-tag/ox8046/,https://www.prizma-optic.co.il/ru/products/,url,url,301
/product-tag/ox8050/,https://www.prizma-optic.co.il/ru/products/,url,url,301
/product-tag/ox8060/,https://www.prizma-optic.co.il/ru/products/,url,url,301
/product-tag/ox8164/,https://www.prizma-optic.co.il/ru/products/,url,url,301
/product-tag/oy0826/,https://www.prizma-optic.co.il/ru/products/,url,url,301
/product-tag/oy8007/,https://www.prizma-optic.co.il/ru/products/,url,url,301
/product-tag/oy8026/,https://www.prizma-optic.co.il/ru/products/,url,url,301
/product-tag/p8327/,https://www.prizma-optic.co.il/ru/products/,url,url,301
/product-tag/p8355/,https://www.prizma-optic.co.il/ru/products/,url,url,301
/product-tag/p8368/,https://www.prizma-optic.co.il/ru/products/,url,url,301
/product-tag/p8373/,https://www.prizma-optic.co.il/ru/products/,url,url,301
/product-tag/p8381/,https://www.prizma-optic.co.il/ru/products/,url,url,301
/product-tag/p8690/,https://www.prizma-optic.co.il/ru/products/,url,url,301
/product-tag/p8910/,https://www.prizma-optic.co.il/ru/products/,url,url,301
/product-tag/p8916/,https://www.prizma-optic.co.il/ru/products/,url,url,301
/product-tag/p8921/,https://www.prizma-optic.co.il/ru/products/,url,url,301
/product-tag/p8930/,https://www.prizma-optic.co.il/ru/products/,url,url,301
/product-tag/pe5472/,https://www.prizma-optic.co.il/ru/products/,url,url,301
/product-tag/pe5537/,https://www.prizma-optic.co.il/ru/products/,url,url,301
/product-tag/pe5796/,https://www.prizma-optic.co.il/ru/products/,url,url,301
/product-tag/pe6007/,https://www.prizma-optic.co.il/ru/products/,url,url,301
/product-tag/postiano/,https://www.prizma-optic.co.il/ru/products/,url,url,301
/product-tag/pv3061/,https://www.prizma-optic.co.il/ru/products/,url,url,301
/product-tag/pv3129/,https://www.prizma-optic.co.il/ru/products/,url,url,301
/product-tag/r3318/,https://www.prizma-optic.co.il/ru/products/,url,url,301
/product-tag/r3319/,https://www.prizma-optic.co.il/ru/products/,url,url,301
/product-tag/raffaele/,https://www.prizma-optic.co.il/ru/products/,url,url,301
/product-tag/rb1053/,https://www.prizma-optic.co.il/ru/products/,url,url,301
/product-tag/rb1056/,https://www.prizma-optic.co.il/ru/products/,url,url,301
/product-tag/rb1059/,https://www.prizma-optic.co.il/ru/products/,url,url,301
/product-tag/rb1530/,https://www.prizma-optic.co.il/ru/products/,url,url,301
/product-tag/rb1536/,https://www.prizma-optic.co.il/ru/products/,url,url,301
/product-tag/rb1550/,https://www.prizma-optic.co.il/ru/products/,url,url,301
/product-tag/rb1562/,https://www.prizma-optic.co.il/ru/products/,url,url,301
/product-tag/rb5206/,https://www.prizma-optic.co.il/ru/products/,url,url,301
/product-tag/rlt5882/,https://www.prizma-optic.co.il/ru/products/,url,url,301
/product-tag/robin/,https://www.prizma-optic.co.il/ru/products/,url,url,301
/product-tag/rw50010u/,https://www.prizma-optic.co.il/ru/products/,url,url,301
/product-tag/ry8823/,https://www.prizma-optic.co.il/ru/products/,url,url,301
/product-tag/sam/,https://www.prizma-optic.co.il/ru/products/,url,url,301
/product-tag/sc0199s/,https://www.prizma-optic.co.il/ru/products/,url,url,301
/product-tag/sc40026i/,https://www.prizma-optic.co.il/ru/products/,url,url,301
/product-tag/sheena-s/,https://www.prizma-optic.co.il/ru/products/,url,url,301
/product-tag/sk2001/,https://www.prizma-optic.co.il/ru/products/,url,url,301
/product-tag/sk2012/,https://www.prizma-optic.co.il/ru/products/,url,url,301
/product-tag/sk2013/,https://www.prizma-optic.co.il/ru/products/,url,url,301
/product-tag/sk2022/,https://www.prizma-optic.co.il/ru/products/,url,url,301
/product-tag/sk2024/,https://www.prizma-optic.co.il/ru/products/,url,url,301
/product-tag/sk5311/,https://www.prizma-optic.co.il/ru/products/,url,url,301
/product-tag/sk6001/,https://www.prizma-optic.co.il/ru/products/,url,url,301
/product-tag/sk7002/,https://www.prizma-optic.co.il/ru/products/,url,url,301
/product-tag/sk7003/,https://www.prizma-optic.co.il/ru/products/,url,url,301
/product-tag/sk7011/,https://www.prizma-optic.co.il/ru/products/,url,url,301
/product-tag/sk7015/,https://www.prizma-optic.co.il/ru/products/,url,url,301
/product-tag/sk7017/,https://www.prizma-optic.co.il/ru/products/,url,url,301
/product-tag/sl299/,https://www.prizma-optic.co.il/ru/products/,url,url,301
/product-tag/sl386/,https://www.prizma-optic.co.il/ru/products/,url,url,301
/product-tag/sl399/,https://www.prizma-optic.co.il/ru/products/,url,url,301
/product-tag/sl421/,https://www.prizma-optic.co.il/ru/products/,url,url,301
/product-tag/sl436-opt/,https://www.prizma-optic.co.il/ru/products/,url,url,301
/product-tag/sl461-betty/,https://www.prizma-optic.co.il/ru/products/,url,url,301
/product-tag/sl472/,https://www.prizma-optic.co.il/ru/products/,url,url,301
/product-tag/sl514/,https://www.prizma-optic.co.il/ru/products/,url,url,301
/product-tag/sl521/,https://www.prizma-optic.co.il/ru/products/,url,url,301
/product-tag/sl529/,https://www.prizma-optic.co.il/ru/products/,url,url,301
/product-tag/sl549/,https://www.prizma-optic.co.il/ru/products/,url,url,301
/product-tag/sl551/,https://www.prizma-optic.co.il/ru/products/,url,url,301
/product-tag/sl555/,https://www.prizma-optic.co.il/ru/products/,url,url,301
/product-tag/sl564/,https://www.prizma-optic.co.il/ru/products/,url,url,301
/product-tag/sl567/,https://www.prizma-optic.co.il/ru/products/,url,url,301
/product-tag/sl578/,https://www.prizma-optic.co.il/ru/products/,url,url,301
/product-tag/sl584/,https://www.prizma-optic.co.il/ru/products/,url,url,301
/product-tag/sl585/,https://www.prizma-optic.co.il/ru/products/,url,url,301
/product-tag/sl593/,https://www.prizma-optic.co.il/ru/products/,url,url,301
/product-tag/slm102/,https://www.prizma-optic.co.il/ru/products/,url,url,301
/product-tag/sparks-g-s/,https://www.prizma-optic.co.il/ru/products/,url,url,301
/product-tag/spello/,https://www.prizma-optic.co.il/ru/products/,url,url,301
/product-tag/spr10z/,https://www.prizma-optic.co.il/ru/products/,url,url,301
/product-tag/spr13y/,https://www.prizma-optic.co.il/ru/products/,url,url,301
/product-tag/spr13z/,https://www.prizma-optic.co.il/ru/products/,url,url,301
/product-tag/spr14z/,https://www.prizma-optic.co.il/ru/products/,url,url,301
/product-tag/spr17s/,https://www.prizma-optic.co.il/ru/products/,url,url,301
/product-tag/spr62s/,https://www.prizma-optic.co.il/ru/products/,url,url,301
/product-tag/studio-6-8/,https://www.prizma-optic.co.il/ru/products/,url,url,301
/product-tag/sussex/,https://www.prizma-optic.co.il/ru/products/,url,url,301
/product-tag/teide/,https://www.prizma-optic.co.il/ru/products/,url,url,301
/product-tag/tj19901/,https://www.prizma-optic.co.il/ru/products/,url,url,301
/product-tag/tonie-s/,https://www.prizma-optic.co.il/ru/products/,url,url,301
/product-tag/tre3082/,https://www.prizma-optic.co.il/ru/products/,url,url,301
/product-tag/tre3088/,https://www.prizma-optic.co.il/ru/products/,url,url,301
/product-tag/tre3089/,https://www.prizma-optic.co.il/ru/products/,url,url,301
/product-tag/tuchus/,https://www.prizma-optic.co.il/ru/products/,url,url,301
/product-tag/ultradioro-s1u/,https://www.prizma-optic.co.il/ru/products/,url,url,301
/product-tag/va2048/,https://www.prizma-optic.co.il/ru/products/,url,url,301
/product-tag/va4080/,https://www.prizma-optic.co.il/ru/products/,url,url,301
/product-tag/vera/,https://www.prizma-optic.co.il/ru/products/,url,url,301
/product-tag/vilda/,https://www.prizma-optic.co.il/ru/products/,url,url,301
/product-tag/vo2606-s/,https://www.prizma-optic.co.il/ru/products/,url,url,301
/product-tag/vo2943-sb/,https://www.prizma-optic.co.il/ru/products/,url,url,301
/product-tag/vo3987-b/,https://www.prizma-optic.co.il/ru/products/,url,url,301
/product-tag/vo4108/,https://www.prizma-optic.co.il/ru/products/,url,url,301
/product-tag/vo4109/,https://www.prizma-optic.co.il/ru/products/,url,url,301
/product-tag/vo4175sb/,https://www.prizma-optic.co.il/ru/products/,url,url,301
/product-tag/vo4177/,https://www.prizma-optic.co.il/ru/products/,url,url,301
/product-tag/vo4181-b/,https://www.prizma-optic.co.il/ru/products/,url,url,301
/product-tag/vo4183/,https://www.prizma-optic.co.il/ru/products/,url,url,301
/product-tag/vo4189s/,https://www.prizma-optic.co.il/ru/products/,url,url,301
/product-tag/vo4199-s/,https://www.prizma-optic.co.il/ru/products/,url,url,301
/product-tag/vo4206-s/,https://www.prizma-optic.co.il/ru/products/,url,url,301
/product-tag/vo4208/,https://www.prizma-optic.co.il/ru/products/,url,url,301
/product-tag/vo4213/,https://www.prizma-optic.co.il/ru/products/,url,url,301
/product-tag/vo4216-s/,https://www.prizma-optic.co.il/ru/products/,url,url,301
/product-tag/vo4220-s/,https://www.prizma-optic.co.il/ru/products/,url,url,301
/product-tag/vo4221/,https://www.prizma-optic.co.il/ru/products/,url,url,301
/product-tag/vo4222/,https://www.prizma-optic.co.il/ru/products/,url,url,301
/product-tag/vo4224-s/,https://www.prizma-optic.co.il/ru/products/,url,url,301
/product-tag/vo4227-s/,https://www.prizma-optic.co.il/ru/products/,url,url,301
/product-tag/vo4254-s/,https://www.prizma-optic.co.il/ru/products/,url,url,301
/product-tag/vo4255-s/,https://www.prizma-optic.co.il/ru/products/,url,url,301
/product-tag/vo4257-s/,https://www.prizma-optic.co.il/ru/products/,url,url,301
/product-tag/vo4258/,https://www.prizma-optic.co.il/ru/products/,url,url,301
/product-tag/vo4259/,https://www.prizma-optic.co.il/ru/products/,url,url,301
/product-tag/vo4270/,https://www.prizma-optic.co.il/ru/products/,url,url,301
/product-tag/vo5070/,https://www.prizma-optic.co.il/ru/products/,url,url,301
/product-tag/vo5215-s/,https://www.prizma-optic.co.il/ru/products/,url,url,301
/product-tag/vo5224/,https://www.prizma-optic.co.il/ru/products/,url,url,301
/product-tag/vo5246-s/,https://www.prizma-optic.co.il/ru/products/,url,url,301
/product-tag/vo5281/,https://www.prizma-optic.co.il/ru/products/,url,url,301
/product-tag/vo5285/,https://www.prizma-optic.co.il/ru/products/,url,url,301
/product-tag/vo5318-s/,https://www.prizma-optic.co.il/ru/products/,url,url,301
/product-tag/vo5334/,https://www.prizma-optic.co.il/ru/products/,url,url,301
/product-tag/vo5357-s/,https://www.prizma-optic.co.il/ru/products/,url,url,301
/product-tag/vo5371/,https://www.prizma-optic.co.il/ru/products/,url,url,301
/product-tag/vo5384-sb/,https://www.prizma-optic.co.il/ru/products/,url,url,301
/product-tag/vo5387/,https://www.prizma-optic.co.il/ru/products/,url,url,301
/product-tag/vo5406/,https://www.prizma-optic.co.il/ru/products/,url,url,301
/product-tag/vo5409-s/,https://www.prizma-optic.co.il/ru/products/,url,url,301
/product-tag/vo5413/,https://www.prizma-optic.co.il/ru/products/,url,url,301
/product-tag/vo5426-s/,https://www.prizma-optic.co.il/ru/products/,url,url,301
/product-tag/vo5431-s/,https://www.prizma-optic.co.il/ru/products/,url,url,301
/product-tag/vo5445-s/,https://www.prizma-optic.co.il/ru/products/,url,url,301
/product-tag/vo5453-s/,https://www.prizma-optic.co.il/ru/products/,url,url,301
/product-tag/vo5457-s/,https://www.prizma-optic.co.il/ru/products/,url,url,301
/product-tag/vo5459-sb/,https://www.prizma-optic.co.il/ru/products/,url,url,301
/product-tag/vo5460-s/,https://www.prizma-optic.co.il/ru/products/,url,url,301
/product-tag/vo5461/,https://www.prizma-optic.co.il/ru/products/,url,url,301
/product-tag/vo5472/,https://www.prizma-optic.co.il/ru/products/,url,url,301
/product-tag/vo5481-s/,https://www.prizma-optic.co.il/ru/products/,url,url,301
/product-tag/vo5490-s/,https://www.prizma-optic.co.il/ru/products/,url,url,301
/product-tag/vo5493-s/,https://www.prizma-optic.co.il/ru/products/,url,url,301
/product-tag/vy2004/,https://www.prizma-optic.co.il/ru/products/,url,url,301
/product-tag/vy2011/,https://www.prizma-optic.co.il/ru/products/,url,url,301
/product-tag/vy2016/,https://www.prizma-optic.co.il/ru/products/,url,url,301
/product-tag/wendy-s/,https://www.prizma-optic.co.il/ru/products/,url,url,301
/product-tag/wl1002/,https://www.prizma-optic.co.il/ru/products/,url,url,301
/product-tag/wl1007/,https://www.prizma-optic.co.il/ru/products/,url,url,301
/product-tag/wl1105/,https://www.prizma-optic.co.il/ru/products/,url,url,301
/product-tag/yoho/,https://www.prizma-optic.co.il/ru/products/,url,url,301
/product-tag/zolman/,https://www.prizma-optic.co.il/ru/products/,url,url,301
/author/daniel/,https://www.prizma-optic.co.il/ru/,url,url,301
